-- phpMyAdmin SQL Dump
-- version 5.2.0
-- https://www.phpmyadmin.net/
--
-- Host: 127.0.0.1
-- Generation Time: Nov 28, 2022 at 01:55 PM
-- Server version: 10.4.24-MariaDB
-- PHP Version: 8.1.6

SET SQL_MODE = "NO_AUTO_VALUE_ON_ZERO";
START TRANSACTION;
SET time_zone = "+00:00";


/*!40101 SET @OLD_CHARACTER_SET_CLIENT=@@CHARACTER_SET_CLIENT */;
/*!40101 SET @OLD_CHARACTER_SET_RESULTS=@@CHARACTER_SET_RESULTS */;
/*!40101 SET @OLD_COLLATION_CONNECTION=@@COLLATION_CONNECTION */;
/*!40101 SET NAMES utf8mb4 */;

--
-- Database: `chara`
--

-- --------------------------------------------------------

--
-- Table structure for table `assessment`
--

CREATE TABLE `assessment` (
  `asse_id` int(11) NOT NULL,
  `u_id` int(11) NOT NULL,
  `asse_topic` varchar(255) NOT NULL,
  `asse_status` int(11) NOT NULL,
  `asse_created` datetime NOT NULL
) ENGINE=InnoDB DEFAULT CHARSET=utf8;

--
-- Dumping data for table `assessment`
--

INSERT INTO `assessment` (`asse_id`, `u_id`, `asse_topic`, `asse_status`, `asse_created`) VALUES
(9, 1, 'แบบประเมินความพึงพอใจเว็บแอพพลิเคชั่น', 1, '2022-11-23 14:31:52'),
(10, 1, 'แบบประเมินความพึงพอใจอาหาร', 1, '2022-11-23 14:34:53'),
(13, 1, 'ะำห', 1, '2022-11-24 08:54:27');

-- --------------------------------------------------------

--
-- Table structure for table `asse_answer`
--

CREATE TABLE `asse_answer` (
  `ans_id` int(11) NOT NULL,
  `ques_id` int(11) NOT NULL,
  `asse_id` int(11) NOT NULL,
  `u_id` int(11) NOT NULL,
  `ans_detail` text NOT NULL,
  `ans_created` datetime NOT NULL
) ENGINE=InnoDB DEFAULT CHARSET=utf8;

--
-- Dumping data for table `asse_answer`
--

INSERT INTO `asse_answer` (`ans_id`, `ques_id`, `asse_id`, `u_id`, `ans_detail`, `ans_created`) VALUES
(8, 6, 9, 4, 'yes', '2022-11-23 15:21:59'),
(9, 7, 9, 4, 'yes', '2022-11-23 15:21:59'),
(10, 8, 9, 4, '5', '2022-11-23 15:21:59'),
(11, 9, 9, 4, '5', '2022-11-23 15:21:59'),
(12, 10, 9, 4, '-', '2022-11-23 15:21:59'),
(13, 11, 10, 4, '5', '2022-11-23 15:22:12'),
(14, 12, 10, 4, '5', '2022-11-23 15:22:12'),
(15, 13, 10, 4, '5', '2022-11-23 15:22:12'),
(16, 14, 10, 4, '5', '2022-11-23 15:22:12'),
(17, 15, 10, 4, '-', '2022-11-23 15:22:12'),
(18, 11, 10, 9, '3', '2022-11-23 16:14:01'),
(19, 12, 10, 9, '4', '2022-11-23 16:14:01'),
(20, 13, 10, 9, '2', '2022-11-23 16:14:01'),
(21, 14, 10, 9, '1', '2022-11-23 16:14:01'),
(22, 15, 10, 9, '-\r\n', '2022-11-23 16:14:01'),
(23, 11, 10, 10, '5', '2022-11-23 16:20:29'),
(24, 12, 10, 10, '5', '2022-11-23 16:20:29'),
(25, 13, 10, 10, '5', '2022-11-23 16:20:29'),
(26, 14, 10, 10, '5', '2022-11-23 16:20:29'),
(27, 15, 10, 10, '-', '2022-11-23 16:20:29'),
(28, 11, 10, 12, '5', '2022-11-24 08:52:34'),
(29, 12, 10, 12, '4', '2022-11-24 08:52:34'),
(30, 13, 10, 12, '4', '2022-11-24 08:52:34'),
(31, 14, 10, 12, '4', '2022-11-24 08:52:34'),
(32, 15, 10, 12, '-', '2022-11-24 08:52:34');

-- --------------------------------------------------------

--
-- Table structure for table `asse_question`
--

CREATE TABLE `asse_question` (
  `ques_id` int(11) NOT NULL,
  `asse_id` int(11) NOT NULL,
  `ques_topic` varchar(255) NOT NULL,
  `ques_type` int(11) NOT NULL,
  `ques_created` datetime NOT NULL,
  `ques_updated` timestamp NOT NULL DEFAULT current_timestamp() ON UPDATE current_timestamp()
) ENGINE=InnoDB DEFAULT CHARSET=utf8;

--
-- Dumping data for table `asse_question`
--

INSERT INTO `asse_question` (`ques_id`, `asse_id`, `ques_topic`, `ques_type`, `ques_created`, `ques_updated`) VALUES
(6, 9, 'ขนาดตัวหนังสือ สบายตาใช่หรือไม่?', 2, '2022-11-23 14:32:44', '2022-11-23 07:33:32'),
(7, 9, 'สีของหน้าเว็บ สบายตาใช่หรือไม่?', 2, '2022-11-23 14:33:06', '2022-11-23 07:33:47'),
(8, 9, 'เนื้อหาให้ความรู้', 1, '2022-11-23 14:33:25', '2022-11-23 07:33:25'),
(9, 9, 'การบริการ', 1, '2022-11-23 14:34:02', '2022-11-23 07:34:02'),
(10, 9, 'ข้อเสนอแนะ', 3, '2022-11-23 14:34:14', '2022-11-23 07:34:14'),
(11, 10, 'รสชาติ', 1, '2022-11-23 14:35:04', '2022-11-23 07:35:04'),
(12, 10, 'ปริมาณ', 1, '2022-11-23 14:35:14', '2022-11-23 07:35:14'),
(13, 10, 'ความคุ้มค่า', 1, '2022-11-23 14:35:26', '2022-11-23 07:35:26'),
(14, 10, 'คุณภาพ', 1, '2022-11-23 14:35:35', '2022-11-23 07:35:35'),
(15, 10, 'ข้อเสนอแนะ', 3, '2022-11-23 14:35:46', '2022-11-23 07:35:46'),
(17, 13, 'ทดสอบ', 3, '2022-11-24 08:54:45', '2022-11-24 01:54:45');

-- --------------------------------------------------------

--
-- Table structure for table `comment_forum`
--

CREATE TABLE `comment_forum` (
  `comf_id` int(11) NOT NULL,
  `forum_id` int(11) NOT NULL,
  `u_id` int(11) NOT NULL,
  `comf_detail` text NOT NULL,
  `comf_created` datetime NOT NULL,
  `comf_updated` timestamp NOT NULL DEFAULT current_timestamp() ON UPDATE current_timestamp()
) ENGINE=InnoDB DEFAULT CHARSET=utf8;

--
-- Dumping data for table `comment_forum`
--

INSERT INTO `comment_forum` (`comf_id`, `forum_id`, `u_id`, `comf_detail`, `comf_created`, `comf_updated`) VALUES
(4, 7, 1, 'เยี่ยมมาก', '2022-11-23 15:25:23', '2022-11-23 08:25:23'),
(5, 12, 4, 'ปัก', '2022-11-23 15:40:52', '2022-11-23 08:40:52'),
(7, 6, 12, 'สวัสดีครับ', '2022-11-24 08:51:56', '2022-11-24 01:52:06');

-- --------------------------------------------------------

--
-- Table structure for table `forum`
--

CREATE TABLE `forum` (
  `forum_id` int(11) NOT NULL,
  `u_id` int(11) NOT NULL,
  `forum_pin` int(11) NOT NULL,
  `forum_topic` varchar(255) NOT NULL,
  `forum_detail` text NOT NULL,
  `forum_img` varchar(255) NOT NULL,
  `forum_created` datetime NOT NULL,
  `forum_updated` timestamp NOT NULL DEFAULT current_timestamp() ON UPDATE current_timestamp()
) ENGINE=InnoDB DEFAULT CHARSET=utf8;

--
-- Dumping data for table `forum`
--

INSERT INTO `forum` (`forum_id`, `u_id`, `forum_pin`, `forum_topic`, `forum_detail`, `forum_img`, `forum_created`, `forum_updated`) VALUES
(2, 1, 1, 'เว็บเราควรปรับปรุงตรงไหน?', 'แอดมินอยากทราบว่าเรา ควรปรับปรุงตรงส่วนไหน? เราจะได้นำมาปรับใช้', '', '2022-11-23 15:08:01', '2022-11-23 08:17:44'),
(3, 6, 0, 'อาหารเก็บได้นานแค่ไหนคะ?', 'เราอยากทราบว่าอาหารเก็บได้นานแค่ไหนคะ แล้วส่งมาในรูปแบบไหน?', '', '2022-11-23 15:09:07', '2022-11-23 08:09:07'),
(4, 5, 0, 'ผมเป็นความดันควรกินอะไรดีครับ', 'ในเว็บนี้ มีอะไรที่เหมาะสำหรับคนเป็นความดันไหมครับ', '', '2022-11-23 15:09:43', '2022-11-23 08:09:43'),
(5, 6, 0, 'ช่วยรีวิวเว็บนี้ทีค่ะ', 'อยากทราบว่า การบริการ อาหารอร่อยไหม แพงไหม คุ้มค่าไหม', '', '2022-11-23 15:10:42', '2022-11-23 08:10:42'),
(6, 5, 0, 'ซื้อแบบไหนคุ้มค่ากว่ากัน', 'ผมอยากรู้ว่าการซื้อแบบเป็นเซ็ต กับแบบเมนูย่อยอันไหนคุ้มกว่ากันครับ', '', '2022-11-23 15:11:18', '2022-11-23 08:11:18'),
(7, 1, 1, 'กฎการใช้งานกระดานสนทนา', 'กฎการใช้งานกระดานสนทนา\r\n1. ห้ามสแปมสร้างกระดานสนทนา\r\n2. ห้ามดูหมิ่น/ใส่ร้าย ผู้อื่น\r\n3. ให้ใช้ภาพที่ไม่ลามก อนาจาร หรือ ไม่ใช้ภาพที่รุนแรงเกินไป\r\n4. ให้ใช้ภาษาที่สุภาพ ใช้คำหยาบได้ในบางกรณีแต่ห้ามรุนแรงเกินไป\r\n6. ห้ามตั้งกระดานสนทนาที่มีส่วนเกี่ยวข้องกับสิ่งผิดกฎหมาย\r\n7. ห้ามตั้งกระดานสนทนาโดยมีข้อมูลส่วนบุคคลของคนนั้นๆ\r\n\r\nขอให้ปฏิบัติตามอย่างเคร่งครัด', '', '2022-11-23 15:10:55', '2022-11-23 08:58:26'),
(9, 7, 0, 'ค่าส่งแพงจริงไหมครับ?', 'ผมไปเห็นรีวิวหนึ่งมาเขาบอกว่าเว็บนี้แพงมาก ทั้งค่าส่ง และค่าอาหาร ผมอยากรู้ว่ามันจริงหรือป่าว', '', '2022-11-23 15:14:36', '2022-11-23 08:14:36'),
(10, 8, 0, 'เป็นเบาหวานกินอะไรดีคะ?', 'เราเป็นเบาหวานค่ะ ไม่รู้จะกินอะไรในเว็บนี้เลย ช่วยแนะนำหน่อยค่ะ', '', '2022-11-23 15:16:04', '2022-11-23 08:16:04'),
(11, 8, 0, 'กินอะไรดีต่อสุขภาพคะ', 'ในเว็บนี้กินอะไร เพื่อให้ดีต่อสุขภาพดีคะ? ช่วยแนะนำหน่อย', '', '2022-11-23 15:16:26', '2022-11-23 08:16:26'),
(12, 4, 0, 'ตามหาหมูกรอบเพื่อสุขภาพครับ', 'พอดีผมใส่แว่น Ophtus อยู่\r\nเลยอยากหาหมูกรอบที่อร่อยและดีต่อสุขภาพครับ', '', '2022-11-23 15:40:44', '2022-11-23 09:09:11');

-- --------------------------------------------------------

--
-- Table structure for table `forum_report`
--

CREATE TABLE `forum_report` (
  `report_id` int(11) NOT NULL,
  `forum_id` int(11) NOT NULL,
  `u_id` int(11) NOT NULL,
  `report_type` int(11) NOT NULL,
  `report_timestamp` timestamp NOT NULL DEFAULT current_timestamp() ON UPDATE current_timestamp()
) ENGINE=InnoDB DEFAULT CHARSET=utf8;

-- --------------------------------------------------------

--
-- Table structure for table `information`
--

CREATE TABLE `information` (
  `info_id` int(11) NOT NULL,
  `u_id` int(11) NOT NULL,
  `info_topic` varchar(255) NOT NULL,
  `info_detail` text NOT NULL,
  `info_img` varchar(255) NOT NULL,
  `info_created` datetime NOT NULL,
  `info_updated` timestamp NOT NULL DEFAULT current_timestamp() ON UPDATE current_timestamp()
) ENGINE=InnoDB DEFAULT CHARSET=utf8;

--
-- Dumping data for table `information`
--

INSERT INTO `information` (`info_id`, `u_id`, `info_topic`, `info_detail`, `info_img`, `info_created`, `info_updated`) VALUES
(3, 1, 'อาหาร 5 หมู่', 'หมู่ที่ 1 คาร์โบไฮเดรต เช่น ข้าว แป้ง เผือก มัน\r\nหมู่ที่ 2 โปรตีน เช่น เนื้อ นม ไข่\r\nหมู่ที่ 3 เกลือแร่ หรือแร่ธาตุ ได้รับจาก พืชผัก\r\nหมู่ที่ 4 วิตามิน ได้รับจาก ผลไม้\r\nหมู่ที่ 5 ไขมัน เช่น ไขมันจากพืช หรือสัตว์\r\n', 'information23112022154836.png', '2022-11-23 14:38:37', '2022-11-23 08:48:36'),
(4, 1, '5 อาหาร ที่ผู้ป่วยมะเร็งลำไส้ควรเลี่ยง', 'เนื้อติดมัน เช่น เนื้อวัว เนื้อหมู หนังไก่\r\nอาหารกลิ่นแรง เช่น กระเทียม หน่อไม้ฝรั่ง กะหล่ำดอก\r\nผลิตภัณฑ์จากนม เช่น นมวัว เนย ชีส\r\nของเผ็ด เช่น พริก พริกไทยดำ เครื่องเทศ\r\nของเค็มหรือของเปรี้ยว เช่น ปลาเค็ม เนื้อเค็ม มะนาว', 'information23112022154847.png', '2022-11-23 14:40:42', '2022-11-23 08:48:47'),
(5, 1, 'ผักต้านมะเร็ง', 'ตำลึง - ช่วยป้องกันการเกิดโรคมะเร็ง\r\nมะเดื่อหวาน - ฆ่าแบคทีเรีย ลดเซลล์มะเร็ง\r\nถั่วต่างๆ - ช่วยลดการเกิดมะเร็งต่อมลูกหมาก\r\nขมิ้น - ช่วยป้องกันการเกิดมะเร็งลำไส้\r\nเห็ด - ช่วยสร้างภูมิคุ้มกันโรคมะเร็ง', 'information23112022154855.png', '2022-11-23 14:42:40', '2022-11-23 08:48:55'),
(6, 1, 'กินอะโวคาโดยังไงให้สุขภาพดี?', 'กิน 1/2 ช่วยลดความดัน\r\nกิน 2-3 ครั้ง ช่วยลดน้ำหนัก\r\nทานบนขนมปังแทนเนย ช่วยเพิ่มกากใยร่างกาย\r\nกินประจำ ช่วยคุมระดับน้ำตาลในเลือด\r\nห้ามกินเกิน 1 ผล ต่อวัน เพราะเป็นผลไม้ที่ให้พลังงานสูง', 'information23112022154906.png', '2022-11-23 14:44:34', '2022-11-23 08:49:06'),
(7, 1, 'วัยไหนกินไข่กี่ฟอง', 'ทารก 6 เดือน ควรรับประทาน 1 ฟอง\r\nทารก 7-12 เดือน ควรรับประทาน 1/2 หรือ 1 ฟอง\r\nเด็ก นักเรียน ควรรับประทาน 1 ฟอง\r\nหญิงมีครรภ์ หญิงให้นมบุตร ควรรับประทาน 1 ฟอง\r\nวัยรุ่น ผู้ใหญ่วัยทำงาน ควรรับประทาน 1 ฟอง\r\nผู้สูงอายุสุขภาพดี ควรรับประทาน 1 ฟอง\r\nผู้ป่วยเป็นโรคเบาหวาน ความดัน ไขมันสูง ไม่ควรรับประทานเกิน 3 ฟอง / สัปดาห์', 'information23112022154914.png', '2022-11-23 14:47:06', '2022-11-23 08:49:14'),
(8, 1, '5 อาหารลดความดัน', '- ผักใบเขียว\r\n- ผลไม้ตระกลูเบอร์รี่\r\n- น้ำมันมะกอก\r\n- เมล็ดพืช หรือถั่ว\r\n- กระเทียม', 'information23112022154922.png', '2022-11-23 14:48:12', '2022-11-23 08:49:22');

-- --------------------------------------------------------

--
-- Table structure for table `menu`
--

CREATE TABLE `menu` (
  `m_id` int(11) NOT NULL,
  `type_id` int(11) NOT NULL,
  `m_name` varchar(255) NOT NULL,
  `m_price` int(11) NOT NULL,
  `m_updated` timestamp NOT NULL DEFAULT current_timestamp() ON UPDATE current_timestamp()
) ENGINE=InnoDB DEFAULT CHARSET=utf8;

--
-- Dumping data for table `menu`
--

INSERT INTO `menu` (`m_id`, `type_id`, `m_name`, `m_price`, `m_updated`) VALUES
(9, 5, 'น้ำตกอกไก่', 55, '2022-11-23 07:50:21'),
(10, 5, 'ครั่วกลิ้งไก่', 50, '2022-11-23 07:50:37'),
(11, 5, 'ลาบไก่', 45, '2022-11-23 07:50:49'),
(12, 5, 'หมูกระเทียม', 40, '2022-11-23 07:51:01'),
(13, 5, 'สเต็กแซลมอน', 60, '2022-11-23 07:51:19'),
(14, 5, 'ยำเส้นแก้ว', 45, '2022-11-23 07:51:32'),
(15, 6, 'สปาเก็ตตี้ไวท์ซอสเห็ด', 65, '2022-11-23 07:51:55'),
(16, 6, 'ทอดมันทูน่า', 40, '2022-11-23 07:52:15'),
(17, 6, 'ต้มจับช่าย', 45, '2022-11-23 07:52:40'),
(18, 6, 'แกงเลียง', 50, '2022-11-23 07:52:55'),
(19, 6, 'สลัดโรล', 50, '2022-11-23 07:53:07'),
(20, 6, 'ไก่กระเทียม', 45, '2022-11-23 07:53:29'),
(21, 6, 'ต้มจืดตำลึง', 45, '2022-11-23 07:53:47'),
(22, 6, 'ยำแซลมอน', 65, '2022-11-23 07:54:01'),
(23, 6, 'ต้มยำกุ้ง', 60, '2022-11-23 07:54:19'),
(24, 6, 'ผัดผักรวมมิตร', 45, '2022-11-23 07:54:39'),
(25, 7, 'กล้วยอบ', 25, '2022-11-23 07:54:58'),
(26, 7, 'มะพร้าวอบกรอบ', 25, '2022-11-23 07:55:14'),
(27, 7, 'ฟักทองอบ', 30, '2022-11-23 07:55:32'),
(28, 7, 'กล้วยเบรคแตก', 30, '2022-11-23 07:55:46'),
(29, 8, 'น้ำส้มคั้นสด', 30, '2022-11-23 07:56:07'),
(30, 8, 'น้ำอะโวคาโด', 35, '2022-11-23 07:56:21'),
(31, 8, 'น้ำมะพร้าว', 30, '2022-11-23 07:56:36'),
(32, 8, 'น้ำขิง', 35, '2022-11-23 07:56:48');

-- --------------------------------------------------------

--
-- Table structure for table `type`
--

CREATE TABLE `type` (
  `type_id` int(11) NOT NULL,
  `type_name` varchar(255) NOT NULL
) ENGINE=InnoDB DEFAULT CHARSET=utf8;

--
-- Dumping data for table `type`
--

INSERT INTO `type` (`type_id`, `type_name`) VALUES
(5, 'เมนูอาหารแนะนำ'),
(6, 'เมนูอาหารประจำเดือน'),
(7, 'เมนูของว่าง'),
(8, 'เมนูเครื่องดื่ม'),
(11, 'ทดสอบ');

-- --------------------------------------------------------

--
-- Table structure for table `user`
--

CREATE TABLE `user` (
  `u_id` int(11) NOT NULL,
  `u_fname` varchar(255) NOT NULL,
  `u_lname` varchar(255) NOT NULL,
  `u_tel` varchar(10) NOT NULL,
  `u_email` varchar(255) NOT NULL,
  `u_status` int(11) NOT NULL,
  `u_updated` timestamp NOT NULL DEFAULT current_timestamp() ON UPDATE current_timestamp()
) ENGINE=InnoDB DEFAULT CHARSET=utf8;

--
-- Dumping data for table `user`
--

INSERT INTO `user` (`u_id`, `u_fname`, `u_lname`, `u_tel`, `u_email`, `u_status`, `u_updated`) VALUES
(1, 'นโรตม์', 'กาญจนมาศ', '0000000000', 'admin@admin.com', 2, '2022-11-28 12:26:03'),
(2, 'ธนภูมิ', 'อุดมเดชรักษา', '1111111111', 'user1@gmail.com', 0, '2022-11-28 12:26:11'),
(3, 'ธัญญรัตน์', 'วีระโชติ', '5555555555', 'admin@admin.com', 2, '2022-11-28 12:26:22'),
(4, 'ชานนท์', 'ต้นทอง', '0889552125', 'Chanon.Tontong@gmail.com', 1, '2022-11-28 12:29:43'),
(5, 'สมชาย', 'ยิ่งใหญ่', '9999999999', 'somshy@gmail.com', 1, '2022-11-23 07:27:44'),
(6, 'สมหญิง', 'มิ่งขวัญ', '8888888888', 'som@gmail.com', 1, '2022-11-23 07:28:32'),
(7, 'สมทรง', 'ปรงสุข', '7777777777', '', 1, '2022-11-23 08:13:12'),
(8, 'ศรีสมร', 'มีบุญ', '3333333333', '', 1, '2022-11-23 09:00:18'),
(9, 'สมยศ', 'มากมี', '0999999999', '', 1, '2022-11-23 09:05:22'),
(10, 'จำรง', 'ทรงเจริญ', '0851515315', 'jpb52154@gmail.com', 1, '2022-11-23 09:17:33'),
(12, 'วีรพล', 'รักษาทรัพย์', '0777777777', 'Veerapol@gmail.com', 1, '2022-11-28 12:27:20'),
(13, 'พงศพัศ', 'จันทรพิพัฒน์', '0928093088', '', 1, '2022-11-28 12:28:34'),
(14, 'จารีย์', 'Intarama', '0000000008', 'jaree@gmai.com', 1, '2022-11-28 12:28:51');

-- --------------------------------------------------------

--
-- Table structure for table `view_asse`
--

CREATE TABLE `view_asse` (
  `vasse_id` int(11) NOT NULL,
  `asse_id` int(11) NOT NULL,
  `u_id` int(11) NOT NULL,
  `vasse_timestamp` timestamp NOT NULL DEFAULT current_timestamp() ON UPDATE current_timestamp()
) ENGINE=InnoDB DEFAULT CHARSET=utf8;

--
-- Dumping data for table `view_asse`
--

INSERT INTO `view_asse` (`vasse_id`, `asse_id`, `u_id`, `vasse_timestamp`) VALUES
(9, 9, 4, '2022-11-23 08:21:50'),
(10, 9, 4, '2022-11-23 08:21:59'),
(11, 10, 4, '2022-11-23 08:22:03'),
(12, 10, 4, '2022-11-23 08:22:04'),
(13, 10, 4, '2022-11-23 08:22:12'),
(14, 9, 2, '2022-11-23 08:25:39'),
(15, 10, 0, '2022-11-23 09:04:47'),
(16, 10, 9, '2022-11-23 09:05:33'),
(17, 10, 9, '2022-11-23 09:13:46'),
(18, 10, 9, '2022-11-23 09:14:01'),
(19, 10, 10, '2022-11-23 09:20:21'),
(20, 10, 10, '2022-11-23 09:20:29'),
(21, 9, 0, '2022-11-23 09:28:30'),
(22, 9, 4, '2022-11-23 09:28:38'),
(23, 10, 12, '2022-11-24 01:52:20'),
(24, 10, 12, '2022-11-24 01:52:34'),
(25, 13, 4, '2022-11-28 12:44:01');

-- --------------------------------------------------------

--
-- Table structure for table `view_forum`
--

CREATE TABLE `view_forum` (
  `vforum_id` int(11) NOT NULL,
  `forum_id` int(11) NOT NULL,
  `u_id` int(11) NOT NULL,
  `vforum_timestamp` timestamp NOT NULL DEFAULT current_timestamp() ON UPDATE current_timestamp()
) ENGINE=InnoDB DEFAULT CHARSET=utf8;

--
-- Dumping data for table `view_forum`
--

INSERT INTO `view_forum` (`vforum_id`, `forum_id`, `u_id`, `vforum_timestamp`) VALUES
(2, 3, 6, '2022-11-23 08:09:08'),
(3, 4, 5, '2022-11-23 08:09:44'),
(4, 5, 6, '2022-11-23 08:10:43'),
(5, 6, 5, '2022-11-23 08:11:19'),
(6, 7, 4, '2022-11-23 08:11:45'),
(7, 7, 4, '2022-11-23 08:11:49'),
(8, 7, 4, '2022-11-23 08:11:50'),
(9, 7, 4, '2022-11-23 08:11:51'),
(10, 7, 4, '2022-11-23 08:11:52'),
(11, 7, 4, '2022-11-23 08:11:53'),
(12, 7, 4, '2022-11-23 08:11:54'),
(13, 7, 4, '2022-11-23 08:11:55'),
(14, 7, 4, '2022-11-23 08:11:56'),
(15, 7, 4, '2022-11-23 08:11:57'),
(16, 7, 4, '2022-11-23 08:11:58'),
(17, 7, 4, '2022-11-23 08:11:59'),
(18, 7, 4, '2022-11-23 08:12:00'),
(19, 7, 4, '2022-11-23 08:12:02'),
(20, 7, 4, '2022-11-23 08:12:11'),
(21, 7, 4, '2022-11-23 08:13:14'),
(22, 7, 4, '2022-11-23 08:13:19'),
(25, 7, 4, '2022-11-23 08:14:15'),
(26, 7, 4, '2022-11-23 08:14:37'),
(27, 9, 7, '2022-11-23 08:14:37'),
(28, 7, 4, '2022-11-23 08:14:42'),
(29, 7, 4, '2022-11-23 08:15:41'),
(30, 7, 4, '2022-11-23 08:15:57'),
(31, 7, 4, '2022-11-23 08:15:58'),
(32, 10, 8, '2022-11-23 08:16:05'),
(33, 7, 4, '2022-11-23 08:16:06'),
(34, 7, 4, '2022-11-23 08:16:08'),
(35, 7, 4, '2022-11-23 08:16:20'),
(36, 7, 4, '2022-11-23 08:16:23'),
(37, 7, 4, '2022-11-23 08:16:27'),
(38, 11, 8, '2022-11-23 08:16:27'),
(39, 7, 4, '2022-11-23 08:16:28'),
(40, 7, 4, '2022-11-23 08:16:33'),
(41, 7, 4, '2022-11-23 08:16:34'),
(42, 7, 4, '2022-11-23 08:17:04'),
(43, 7, 4, '2022-11-23 08:17:05'),
(44, 7, 0, '2022-11-23 08:17:10'),
(45, 7, 4, '2022-11-23 08:17:54'),
(46, 7, 4, '2022-11-23 08:18:01'),
(47, 7, 4, '2022-11-23 08:18:05'),
(48, 7, 4, '2022-11-23 08:18:06'),
(49, 7, 1, '2022-11-23 08:18:18'),
(50, 7, 1, '2022-11-23 08:18:23'),
(51, 7, 1, '2022-11-23 08:18:24'),
(52, 7, 4, '2022-11-23 08:18:27'),
(54, 7, 1, '2022-11-23 08:19:05'),
(55, 7, 1, '2022-11-23 08:19:09'),
(57, 7, 1, '2022-11-23 08:19:10'),
(59, 7, 4, '2022-11-23 08:19:16'),
(60, 7, 4, '2022-11-23 08:20:36'),
(61, 7, 4, '2022-11-23 08:20:42'),
(62, 7, 4, '2022-11-23 08:20:57'),
(63, 7, 4, '2022-11-23 08:21:30'),
(64, 7, 1, '2022-11-23 08:24:39'),
(65, 7, 1, '2022-11-23 08:25:15'),
(66, 7, 1, '2022-11-23 08:25:23'),
(67, 7, 1, '2022-11-23 08:25:24'),
(68, 7, 1, '2022-11-23 08:25:40'),
(69, 9, 2, '2022-11-23 08:26:02'),
(70, 7, 1, '2022-11-23 08:27:17'),
(71, 7, 1, '2022-11-23 08:27:54'),
(72, 7, 1, '2022-11-23 08:30:40'),
(73, 7, 1, '2022-11-23 08:30:51'),
(74, 7, 1, '2022-11-23 08:31:28'),
(75, 7, 1, '2022-11-23 08:32:53'),
(76, 7, 1, '2022-11-23 08:33:24'),
(77, 7, 1, '2022-11-23 08:34:00'),
(78, 7, 1, '2022-11-23 08:34:28'),
(79, 7, 1, '2022-11-23 08:35:48'),
(81, 7, 1, '2022-11-23 08:36:27'),
(82, 7, 1, '2022-11-23 08:36:28'),
(83, 7, 1, '2022-11-23 08:36:48'),
(84, 12, 4, '2022-11-23 08:40:45'),
(85, 12, 4, '2022-11-23 08:40:52'),
(86, 12, 4, '2022-11-23 08:40:53'),
(87, 2, 4, '2022-11-23 08:42:57'),
(88, 7, 1, '2022-11-23 08:48:40'),
(91, 7, 1, '2022-11-23 08:54:20'),
(92, 7, 1, '2022-11-23 08:58:27'),
(95, 6, 1, '2022-11-23 09:07:33'),
(96, 6, 1, '2022-11-23 09:07:45'),
(97, 6, 1, '2022-11-23 09:07:46'),
(98, 6, 1, '2022-11-23 09:07:52'),
(99, 6, 1, '2022-11-23 09:07:55'),
(100, 6, 1, '2022-11-23 09:07:59'),
(101, 6, 1, '2022-11-23 09:08:00'),
(102, 6, 1, '2022-11-23 09:08:02'),
(103, 6, 1, '2022-11-23 09:08:05'),
(104, 12, 1, '2022-11-23 09:08:46'),
(105, 12, 9, '2022-11-23 09:11:30'),
(106, 12, 9, '2022-11-23 09:11:36'),
(107, 12, 9, '2022-11-23 09:11:37'),
(108, 12, 1, '2022-11-23 09:12:00'),
(109, 12, 1, '2022-11-23 09:18:43'),
(110, 2, 10, '2022-11-23 09:25:56'),
(113, 6, 12, '2022-11-24 01:51:47'),
(114, 6, 12, '2022-11-24 01:51:56'),
(115, 6, 12, '2022-11-24 01:51:57'),
(116, 6, 12, '2022-11-24 01:52:06'),
(117, 6, 12, '2022-11-24 01:52:08'),
(118, 7, 1, '2022-11-24 01:52:53'),
(119, 7, 1, '2022-11-24 01:52:58'),
(120, 7, 1, '2022-11-24 01:52:59'),
(124, 12, 1, '2022-11-24 01:53:50'),
(125, 2, 1, '2022-11-24 01:55:17'),
(126, 2, 1, '2022-11-28 12:32:54'),
(127, 2, 1, '2022-11-28 12:32:57'),
(128, 3, 1, '2022-11-28 12:32:58'),
(129, 4, 1, '2022-11-28 12:32:59'),
(130, 5, 1, '2022-11-28 12:33:00'),
(131, 10, 1, '2022-11-28 12:33:02'),
(132, 2, 1, '2022-11-28 12:33:02'),
(133, 2, 1, '2022-11-28 12:33:03'),
(134, 2, 1, '2022-11-28 12:33:03'),
(135, 2, 1, '2022-11-28 12:33:03'),
(136, 2, 1, '2022-11-28 12:33:03'),
(137, 2, 1, '2022-11-28 12:33:03'),
(138, 2, 1, '2022-11-28 12:33:03'),
(139, 2, 1, '2022-11-28 12:33:04'),
(140, 2, 1, '2022-11-28 12:33:04'),
(141, 2, 1, '2022-11-28 12:33:04'),
(142, 2, 1, '2022-11-28 12:33:04'),
(143, 2, 1, '2022-11-28 12:33:04'),
(144, 2, 1, '2022-11-28 12:33:04'),
(145, 2, 1, '2022-11-28 12:33:05'),
(146, 3, 1, '2022-11-28 12:33:05'),
(147, 3, 1, '2022-11-28 12:33:05'),
(148, 3, 1, '2022-11-28 12:33:05'),
(149, 4, 1, '2022-11-28 12:33:05'),
(150, 4, 1, '2022-11-28 12:33:06'),
(151, 5, 1, '2022-11-28 12:33:06'),
(152, 5, 1, '2022-11-28 12:33:06'),
(153, 10, 1, '2022-11-28 12:33:06'),
(154, 10, 1, '2022-11-28 12:33:06'),
(155, 5, 1, '2022-11-28 12:33:07'),
(156, 3, 1, '2022-11-28 12:33:07'),
(157, 3, 1, '2022-11-28 12:33:07'),
(158, 3, 1, '2022-11-28 12:33:07'),
(159, 4, 1, '2022-11-28 12:33:07'),
(160, 4, 1, '2022-11-28 12:33:08'),
(161, 5, 1, '2022-11-28 12:33:08'),
(162, 10, 1, '2022-11-28 12:33:08'),
(163, 10, 1, '2022-11-28 12:33:08'),
(164, 5, 1, '2022-11-28 12:33:08'),
(165, 5, 1, '2022-11-28 12:33:08'),
(166, 10, 1, '2022-11-28 12:33:09'),
(167, 10, 1, '2022-11-28 12:33:09'),
(168, 10, 1, '2022-11-28 12:33:09'),
(169, 5, 1, '2022-11-28 12:33:09'),
(170, 5, 1, '2022-11-28 12:33:09'),
(171, 4, 1, '2022-11-28 12:33:10'),
(172, 4, 1, '2022-11-28 12:33:10'),
(173, 3, 1, '2022-11-28 12:33:10'),
(174, 3, 1, '2022-11-28 12:33:10'),
(175, 4, 1, '2022-11-28 12:33:10'),
(176, 4, 1, '2022-11-28 12:33:10'),
(177, 5, 1, '2022-11-28 12:33:11'),
(178, 5, 1, '2022-11-28 12:33:11'),
(179, 5, 1, '2022-11-28 12:33:11'),
(180, 5, 1, '2022-11-28 12:33:11'),
(181, 10, 1, '2022-11-28 12:33:11'),
(182, 10, 1, '2022-11-28 12:33:12'),
(183, 5, 1, '2022-11-28 12:33:12'),
(184, 5, 1, '2022-11-28 12:33:12'),
(185, 4, 1, '2022-11-28 12:33:12'),
(186, 3, 1, '2022-11-28 12:33:12'),
(187, 2, 1, '2022-11-28 12:33:13'),
(188, 2, 1, '2022-11-28 12:33:13'),
(189, 2, 1, '2022-11-28 12:33:13'),
(190, 2, 1, '2022-11-28 12:33:13'),
(191, 2, 1, '2022-11-28 12:33:13'),
(192, 2, 1, '2022-11-28 12:33:14'),
(193, 2, 1, '2022-11-28 12:33:14'),
(194, 9, 1, '2022-11-28 12:33:24'),
(195, 11, 1, '2022-11-28 12:33:24'),
(196, 9, 1, '2022-11-28 12:33:25'),
(197, 9, 1, '2022-11-28 12:33:25'),
(198, 9, 1, '2022-11-28 12:33:25'),
(199, 9, 1, '2022-11-28 12:33:25'),
(200, 11, 1, '2022-11-28 12:33:25'),
(201, 11, 1, '2022-11-28 12:33:26'),
(202, 9, 1, '2022-11-28 12:33:26'),
(203, 11, 1, '2022-11-28 12:33:26'),
(204, 11, 1, '2022-11-28 12:33:26'),
(205, 9, 1, '2022-11-28 12:33:26'),
(206, 11, 1, '2022-11-28 12:33:26'),
(207, 11, 1, '2022-11-28 12:33:27'),
(208, 11, 1, '2022-11-28 12:33:27'),
(209, 11, 1, '2022-11-28 12:33:27'),
(210, 11, 1, '2022-11-28 12:33:27'),
(211, 11, 1, '2022-11-28 12:33:27'),
(212, 11, 1, '2022-11-28 12:33:27'),
(213, 11, 1, '2022-11-28 12:33:28'),
(214, 11, 1, '2022-11-28 12:33:28'),
(215, 9, 1, '2022-11-28 12:33:28'),
(216, 9, 1, '2022-11-28 12:33:28'),
(217, 9, 1, '2022-11-28 12:33:28'),
(218, 9, 1, '2022-11-28 12:33:28'),
(219, 9, 1, '2022-11-28 12:33:29'),
(220, 9, 1, '2022-11-28 12:33:29'),
(221, 11, 1, '2022-11-28 12:33:29'),
(222, 11, 1, '2022-11-28 12:33:29'),
(223, 11, 1, '2022-11-28 12:33:29'),
(224, 11, 1, '2022-11-28 12:33:29'),
(225, 11, 1, '2022-11-28 12:33:30'),
(226, 11, 1, '2022-11-28 12:33:30'),
(227, 11, 1, '2022-11-28 12:33:30'),
(228, 12, 4, '2022-11-28 12:39:40'),
(230, 2, 4, '2022-11-28 12:44:31'),
(231, 2, 4, '2022-11-28 12:44:39'),
(232, 7, 4, '2022-11-28 12:44:41');

-- --------------------------------------------------------

--
-- Table structure for table `view_info`
--

CREATE TABLE `view_info` (
  `vinfo_id` int(11) NOT NULL,
  `info_id` int(11) NOT NULL,
  `u_id` int(11) NOT NULL,
  `vinfo_timestamp` timestamp NOT NULL DEFAULT current_timestamp() ON UPDATE current_timestamp()
) ENGINE=InnoDB DEFAULT CHARSET=utf8;

--
-- Dumping data for table `view_info`
--

INSERT INTO `view_info` (`vinfo_id`, `info_id`, `u_id`, `vinfo_timestamp`) VALUES
(5, 7, 2, '2022-11-23 08:25:22'),
(6, 5, 2, '2022-11-23 08:25:30'),
(7, 7, 4, '2022-11-23 08:42:18'),
(8, 8, 4, '2022-11-23 08:43:26'),
(9, 6, 4, '2022-11-23 08:43:31'),
(10, 6, 4, '2022-11-23 08:43:36'),
(11, 6, 4, '2022-11-23 08:43:38'),
(12, 6, 4, '2022-11-23 08:43:39'),
(13, 8, 1, '2022-11-23 08:54:12'),
(14, 8, 9, '2022-11-23 09:05:46'),
(15, 4, 9, '2022-11-23 09:05:49'),
(16, 8, 9, '2022-11-23 09:05:53'),
(17, 7, 10, '2022-11-23 09:24:49'),
(18, 7, 10, '2022-11-23 09:25:33'),
(19, 7, 10, '2022-11-23 09:25:37'),
(20, 7, 10, '2022-11-23 09:25:38'),
(21, 7, 10, '2022-11-23 09:25:39'),
(22, 7, 10, '2022-11-23 09:25:40'),
(23, 7, 10, '2022-11-23 09:25:41'),
(24, 7, 10, '2022-11-23 09:25:42'),
(25, 7, 10, '2022-11-23 09:25:43'),
(26, 7, 10, '2022-11-23 09:25:44'),
(27, 7, 10, '2022-11-23 09:25:45'),
(28, 7, 10, '2022-11-23 09:25:46'),
(29, 7, 10, '2022-11-23 09:25:47'),
(30, 8, 0, '2022-11-23 09:27:46'),
(31, 6, 12, '2022-11-24 01:49:51'),
(32, 6, 12, '2022-11-24 01:50:00'),
(33, 3, 12, '2022-11-24 01:50:02'),
(34, 8, 4, '2022-11-28 12:43:23');

-- --------------------------------------------------------

--
-- Table structure for table `view_web`
--

CREATE TABLE `view_web` (
  `vweb_id` int(11) NOT NULL,
  `u_id` int(11) NOT NULL,
  `vweb_timestamp` timestamp NOT NULL DEFAULT current_timestamp() ON UPDATE current_timestamp()
) ENGINE=InnoDB DEFAULT CHARSET=utf8;

--
-- Dumping data for table `view_web`
--

INSERT INTO `view_web` (`vweb_id`, `u_id`, `vweb_timestamp`) VALUES
(1, 0, '2022-11-23 02:14:55'),
(2, 0, '2022-11-23 02:15:38'),
(3, 0, '2022-11-23 02:15:39'),
(4, 0, '2022-11-23 02:19:55'),
(5, 0, '2022-11-23 02:20:13'),
(6, 0, '2022-11-23 02:20:21'),
(7, 0, '2022-11-23 02:44:25'),
(8, 0, '2022-11-23 02:44:28'),
(9, 0, '2022-11-23 02:44:31'),
(10, 0, '2022-11-23 02:44:34'),
(11, 0, '2022-11-23 02:44:39'),
(12, 0, '2022-11-23 02:44:41'),
(13, 0, '2022-11-23 02:44:43'),
(14, 0, '2022-11-23 02:45:24'),
(15, 0, '2022-11-23 02:45:26'),
(16, 0, '2022-11-23 02:45:27'),
(17, 0, '2022-11-23 02:45:28'),
(18, 0, '2022-11-23 02:46:09'),
(19, 0, '2022-11-23 02:49:48'),
(20, 0, '2022-11-23 02:49:51'),
(21, 0, '2022-11-23 02:50:11'),
(22, 0, '2022-11-23 02:50:15'),
(23, 0, '2022-11-23 02:50:16'),
(24, 0, '2022-11-23 02:50:18'),
(25, 0, '2022-11-23 02:50:20'),
(26, 0, '2022-11-23 02:50:22'),
(27, 0, '2022-11-23 02:50:57'),
(28, 1, '2022-11-23 02:54:03'),
(29, 1, '2022-11-23 02:54:11'),
(30, 1, '2022-11-23 02:54:17'),
(31, 1, '2022-11-23 02:54:20'),
(32, 1, '2022-11-23 02:54:25'),
(33, 1, '2022-11-23 02:54:53'),
(34, 1, '2022-11-23 02:54:57'),
(35, 1, '2022-11-23 02:55:01'),
(36, 1, '2022-11-23 02:55:09'),
(37, 1, '2022-11-23 02:55:39'),
(38, 1, '2022-11-23 02:56:02'),
(39, 1, '2022-11-23 02:56:03'),
(40, 1, '2022-11-23 02:56:04'),
(41, 0, '2022-11-23 02:56:04'),
(42, 0, '2022-11-23 02:56:06'),
(43, 0, '2022-11-23 03:01:18'),
(44, 0, '2022-11-23 03:26:03'),
(45, 0, '2022-11-23 03:26:11'),
(46, 0, '2022-11-23 03:26:14'),
(47, 0, '2022-11-23 03:26:18'),
(48, 0, '2022-11-23 03:26:21'),
(49, 0, '2022-11-23 03:26:24'),
(50, 0, '2022-11-23 03:26:26'),
(51, 0, '2022-11-23 03:26:28'),
(52, 0, '2022-11-23 03:26:29'),
(53, 0, '2022-11-23 03:27:42'),
(54, 0, '2022-11-23 03:28:00'),
(55, 0, '2022-11-23 03:57:12'),
(56, 0, '2022-11-23 03:57:27'),
(57, 0, '2022-11-23 03:57:31'),
(58, 0, '2022-11-23 03:57:34'),
(59, 0, '2022-11-23 03:57:38'),
(60, 0, '2022-11-23 03:57:44'),
(61, 0, '2022-11-23 04:01:22'),
(62, 0, '2022-11-23 04:01:32'),
(63, 0, '2022-11-23 04:01:47'),
(64, 0, '2022-11-23 04:02:15'),
(65, 0, '2022-11-23 04:02:28'),
(66, 0, '2022-11-23 04:07:15'),
(67, 0, '2022-11-23 04:07:16'),
(68, 0, '2022-11-23 04:07:21'),
(69, 0, '2022-11-23 04:07:24'),
(70, 0, '2022-11-23 04:08:44'),
(71, 0, '2022-11-23 04:08:46'),
(72, 0, '2022-11-23 04:08:50'),
(73, 0, '2022-11-23 04:08:59'),
(74, 0, '2022-11-23 04:09:02'),
(75, 0, '2022-11-23 04:09:04'),
(76, 0, '2022-11-23 04:09:46'),
(77, 0, '2022-11-23 04:09:49'),
(78, 0, '2022-11-23 04:12:50'),
(79, 0, '2022-11-23 04:12:51'),
(80, 0, '2022-11-23 04:12:57'),
(81, 0, '2022-11-23 04:13:05'),
(82, 0, '2022-11-23 04:13:07'),
(83, 0, '2022-11-23 04:14:48'),
(84, 0, '2022-11-23 04:26:27'),
(85, 0, '2022-11-23 04:26:29'),
(86, 0, '2022-11-23 04:26:37'),
(87, 0, '2022-11-23 04:27:26'),
(88, 0, '2022-11-23 04:28:51'),
(89, 0, '2022-11-23 04:29:05'),
(90, 0, '2022-11-23 04:29:53'),
(91, 0, '2022-11-23 04:30:17'),
(92, 0, '2022-11-23 04:31:43'),
(93, 0, '2022-11-23 04:31:49'),
(94, 0, '2022-11-23 04:31:50'),
(95, 0, '2022-11-23 04:31:51'),
(96, 0, '2022-11-23 04:31:58'),
(97, 0, '2022-11-23 04:53:28'),
(98, 0, '2022-11-23 05:01:11'),
(99, 0, '2022-11-23 05:01:18'),
(100, 0, '2022-11-23 05:01:22'),
(101, 0, '2022-11-23 05:01:25'),
(102, 0, '2022-11-23 05:01:48'),
(103, 0, '2022-11-23 05:01:55'),
(104, 2, '2022-11-23 05:01:56'),
(105, 2, '2022-11-23 05:02:07'),
(106, 2, '2022-11-23 05:02:10'),
(107, 0, '2022-11-23 05:02:12'),
(108, 0, '2022-11-23 05:02:14'),
(109, 0, '2022-11-23 05:02:18'),
(110, 0, '2022-11-23 05:02:21'),
(111, 0, '2022-11-23 05:02:22'),
(112, 0, '2022-11-23 05:03:10'),
(113, 0, '2022-11-23 05:03:22'),
(114, 0, '2022-11-23 05:03:26'),
(115, 2, '2022-11-23 05:03:27'),
(116, 2, '2022-11-23 05:03:30'),
(117, 0, '2022-11-23 05:03:31'),
(118, 0, '2022-11-23 05:03:33'),
(119, 0, '2022-11-23 05:03:41'),
(120, 0, '2022-11-23 05:03:57'),
(121, 0, '2022-11-23 05:04:04'),
(122, 0, '2022-11-23 05:04:17'),
(123, 1, '2022-11-23 05:12:18'),
(124, 1, '2022-11-23 05:12:22'),
(125, 0, '2022-11-23 05:22:56'),
(126, 0, '2022-11-23 05:22:57'),
(127, 0, '2022-11-23 05:22:58'),
(128, 0, '2022-11-23 05:23:01'),
(129, 0, '2022-11-23 05:23:03'),
(130, 0, '2022-11-23 05:23:05'),
(131, 0, '2022-11-23 05:23:24'),
(132, 0, '2022-11-23 05:23:27'),
(133, 0, '2022-11-23 05:23:30'),
(134, 4, '2022-11-23 05:23:31'),
(135, 4, '2022-11-23 05:36:37'),
(136, 0, '2022-11-23 05:36:40'),
(137, 0, '2022-11-23 05:36:41'),
(138, 1, '2022-11-23 05:38:23'),
(139, 4, '2022-11-23 05:39:51'),
(140, 4, '2022-11-23 05:40:00'),
(141, 4, '2022-11-23 05:40:03'),
(142, 4, '2022-11-23 05:40:11'),
(143, 4, '2022-11-23 05:40:13'),
(144, 4, '2022-11-23 05:40:17'),
(145, 4, '2022-11-23 05:40:23'),
(146, 4, '2022-11-23 05:40:44'),
(147, 4, '2022-11-23 05:42:44'),
(148, 4, '2022-11-23 05:43:31'),
(149, 4, '2022-11-23 05:46:16'),
(150, 4, '2022-11-23 05:46:17'),
(151, 4, '2022-11-23 05:46:27'),
(152, 4, '2022-11-23 05:50:50'),
(153, 4, '2022-11-23 05:54:16'),
(154, 4, '2022-11-23 05:54:19'),
(155, 4, '2022-11-23 05:54:21'),
(156, 4, '2022-11-23 05:54:26'),
(157, 4, '2022-11-23 05:54:28'),
(158, 4, '2022-11-23 06:10:13'),
(159, 4, '2022-11-23 06:10:34'),
(160, 4, '2022-11-23 06:10:56'),
(161, 0, '2022-11-23 06:12:13'),
(162, 4, '2022-11-23 06:12:14'),
(163, 0, '2022-11-23 06:12:23'),
(164, 4, '2022-11-23 06:12:29'),
(165, 0, '2022-11-23 06:12:34'),
(166, 4, '2022-11-23 06:12:59'),
(167, 0, '2022-11-23 06:13:29'),
(168, 0, '2022-11-23 06:14:09'),
(169, 0, '2022-11-23 06:14:11'),
(170, 0, '2022-11-23 06:14:16'),
(171, 1, '2022-11-23 06:14:33'),
(172, 0, '2022-11-23 06:15:18'),
(173, 0, '2022-11-23 06:15:20'),
(174, 0, '2022-11-23 06:15:31'),
(175, 0, '2022-11-23 06:15:34'),
(176, 4, '2022-11-23 06:15:56'),
(177, 4, '2022-11-23 06:15:58'),
(178, 4, '2022-11-23 06:16:06'),
(179, 4, '2022-11-23 06:16:10'),
(180, 0, '2022-11-23 06:16:11'),
(181, 0, '2022-11-23 06:16:13'),
(182, 0, '2022-11-23 06:16:15'),
(183, 0, '2022-11-23 06:16:15'),
(184, 0, '2022-11-23 06:16:17'),
(185, 0, '2022-11-23 06:16:17'),
(186, 0, '2022-11-23 06:16:20'),
(187, 0, '2022-11-23 06:16:21'),
(188, 4, '2022-11-23 06:16:21'),
(189, 4, '2022-11-23 06:16:22'),
(190, 0, '2022-11-23 06:16:39'),
(191, 4, '2022-11-23 06:16:58'),
(192, 4, '2022-11-23 06:17:35'),
(193, 0, '2022-11-23 06:17:57'),
(194, 0, '2022-11-23 06:17:58'),
(195, 0, '2022-11-23 06:18:34'),
(196, 0, '2022-11-23 06:18:35'),
(197, 0, '2022-11-23 06:21:58'),
(198, 0, '2022-11-23 06:21:59'),
(199, 0, '2022-11-23 06:22:16'),
(200, 0, '2022-11-23 06:22:35'),
(201, 0, '2022-11-23 06:22:43'),
(202, 0, '2022-11-23 06:23:28'),
(203, 0, '2022-11-23 06:23:36'),
(204, 0, '2022-11-23 06:23:39'),
(205, 0, '2022-11-23 06:23:43'),
(206, 0, '2022-11-23 06:25:09'),
(207, 4, '2022-11-23 06:27:36'),
(208, 4, '2022-11-23 06:27:42'),
(209, 4, '2022-11-23 06:27:45'),
(210, 4, '2022-11-23 06:27:47'),
(211, 0, '2022-11-23 06:32:52'),
(212, 0, '2022-11-23 06:33:12'),
(213, 0, '2022-11-23 06:33:35'),
(214, 0, '2022-11-23 06:33:36'),
(215, 0, '2022-11-23 06:33:57'),
(216, 0, '2022-11-23 06:34:14'),
(217, 0, '2022-11-23 06:34:36'),
(218, 0, '2022-11-23 06:34:49'),
(219, 0, '2022-11-23 06:34:52'),
(220, 0, '2022-11-23 06:34:53'),
(221, 0, '2022-11-23 06:35:07'),
(222, 0, '2022-11-23 06:35:08'),
(223, 0, '2022-11-23 06:35:09'),
(224, 0, '2022-11-23 06:35:10'),
(225, 0, '2022-11-23 06:35:45'),
(226, 0, '2022-11-23 06:35:58'),
(227, 0, '2022-11-23 06:37:02'),
(228, 0, '2022-11-23 06:37:03'),
(229, 0, '2022-11-23 06:37:06'),
(230, 0, '2022-11-23 06:37:07'),
(231, 0, '2022-11-23 06:37:11'),
(232, 0, '2022-11-23 06:37:54'),
(233, 0, '2022-11-23 06:38:20'),
(234, 0, '2022-11-23 06:38:21'),
(235, 0, '2022-11-23 06:38:22'),
(236, 0, '2022-11-23 06:39:59'),
(237, 0, '2022-11-23 06:40:20'),
(238, 0, '2022-11-23 06:40:22'),
(239, 0, '2022-11-23 06:40:39'),
(240, 0, '2022-11-23 06:41:12'),
(241, 0, '2022-11-23 06:41:13'),
(242, 0, '2022-11-23 06:41:37'),
(243, 0, '2022-11-23 06:41:46'),
(244, 0, '2022-11-23 06:42:00'),
(245, 0, '2022-11-23 06:42:19'),
(246, 0, '2022-11-23 06:42:35'),
(247, 0, '2022-11-23 06:42:55'),
(248, 4, '2022-11-23 06:43:45'),
(249, 0, '2022-11-23 06:44:20'),
(250, 0, '2022-11-23 06:44:21'),
(251, 0, '2022-11-23 06:44:22'),
(252, 0, '2022-11-23 06:45:24'),
(253, 0, '2022-11-23 06:45:36'),
(254, 0, '2022-11-23 06:45:56'),
(255, 0, '2022-11-23 06:45:58'),
(256, 0, '2022-11-23 06:46:05'),
(257, 0, '2022-11-23 06:46:06'),
(258, 0, '2022-11-23 06:46:12'),
(259, 3, '2022-11-23 06:46:13'),
(260, 3, '2022-11-23 06:46:16'),
(261, 3, '2022-11-23 06:46:23'),
(262, 3, '2022-11-23 06:51:03'),
(263, 3, '2022-11-23 06:51:04'),
(264, 3, '2022-11-23 06:51:16'),
(265, 3, '2022-11-23 06:51:17'),
(266, 4, '2022-11-23 06:52:01'),
(267, 4, '2022-11-23 06:52:46'),
(268, 4, '2022-11-23 06:53:12'),
(269, 4, '2022-11-23 06:53:50'),
(270, 3, '2022-11-23 06:53:52'),
(271, 4, '2022-11-23 06:54:00'),
(272, 3, '2022-11-23 06:54:51'),
(273, 3, '2022-11-23 06:55:24'),
(274, 3, '2022-11-23 06:56:18'),
(275, 3, '2022-11-23 06:56:32'),
(276, 3, '2022-11-23 06:56:47'),
(277, 4, '2022-11-23 06:56:54'),
(278, 3, '2022-11-23 06:56:58'),
(279, 3, '2022-11-23 06:57:00'),
(280, 3, '2022-11-23 06:57:02'),
(281, 3, '2022-11-23 06:57:04'),
(282, 3, '2022-11-23 06:57:05'),
(283, 3, '2022-11-23 06:57:07'),
(284, 3, '2022-11-23 06:57:10'),
(285, 3, '2022-11-23 06:57:53'),
(286, 3, '2022-11-23 06:57:55'),
(287, 3, '2022-11-23 06:57:57'),
(288, 3, '2022-11-23 06:58:13'),
(289, 3, '2022-11-23 07:00:08'),
(290, 4, '2022-11-23 07:00:11'),
(291, 4, '2022-11-23 07:00:13'),
(292, 3, '2022-11-23 07:01:00'),
(293, 3, '2022-11-23 07:01:12'),
(294, 3, '2022-11-23 07:01:13'),
(295, 4, '2022-11-23 07:01:14'),
(296, 3, '2022-11-23 07:01:23'),
(297, 4, '2022-11-23 07:01:45'),
(298, 4, '2022-11-23 07:01:55'),
(299, 3, '2022-11-23 07:02:10'),
(300, 3, '2022-11-23 07:02:11'),
(301, 3, '2022-11-23 07:02:50'),
(302, 4, '2022-11-23 07:03:17'),
(303, 3, '2022-11-23 07:03:18'),
(304, 3, '2022-11-23 07:03:19'),
(305, 4, '2022-11-23 07:03:23'),
(306, 0, '2022-11-23 07:03:24'),
(307, 0, '2022-11-23 07:03:26'),
(308, 0, '2022-11-23 07:03:28'),
(309, 0, '2022-11-23 07:03:29'),
(310, 0, '2022-11-23 07:03:32'),
(311, 4, '2022-11-23 07:03:33'),
(312, 4, '2022-11-23 07:03:35'),
(313, 4, '2022-11-23 07:03:44'),
(314, 3, '2022-11-23 07:03:45'),
(315, 3, '2022-11-23 07:03:52'),
(316, 3, '2022-11-23 07:04:06'),
(317, 3, '2022-11-23 07:04:32'),
(318, 3, '2022-11-23 07:04:33'),
(319, 3, '2022-11-23 07:04:44'),
(320, 3, '2022-11-23 07:04:55'),
(321, 3, '2022-11-23 07:04:56'),
(322, 3, '2022-11-23 07:05:42'),
(323, 0, '2022-11-23 07:05:44'),
(324, 0, '2022-11-23 07:05:45'),
(325, 0, '2022-11-23 07:05:46'),
(326, 0, '2022-11-23 07:05:47'),
(327, 0, '2022-11-23 07:05:49'),
(328, 0, '2022-11-23 07:05:52'),
(329, 1, '2022-11-23 07:06:23'),
(330, 1, '2022-11-23 07:06:31'),
(331, 4, '2022-11-23 07:06:42'),
(332, 4, '2022-11-23 07:06:43'),
(333, 4, '2022-11-23 07:08:03'),
(334, 4, '2022-11-23 07:08:08'),
(335, 4, '2022-11-23 07:08:11'),
(336, 4, '2022-11-23 07:08:14'),
(337, 4, '2022-11-23 07:08:44'),
(338, 4, '2022-11-23 07:08:46'),
(339, 4, '2022-11-23 07:08:50'),
(340, 4, '2022-11-23 07:08:52'),
(341, 4, '2022-11-23 07:11:14'),
(342, 4, '2022-11-23 07:37:46'),
(343, 4, '2022-11-23 07:43:17'),
(344, 4, '2022-11-23 07:43:26'),
(345, 4, '2022-11-23 07:46:17'),
(346, 4, '2022-11-23 07:47:30'),
(347, 4, '2022-11-23 07:48:14'),
(348, 0, '2022-11-23 07:48:48'),
(349, 4, '2022-11-23 07:54:19'),
(350, 4, '2022-11-23 07:54:26'),
(351, 4, '2022-11-23 07:54:36'),
(352, 0, '2022-11-23 07:57:02'),
(353, 4, '2022-11-23 07:57:03'),
(354, 0, '2022-11-23 07:57:05'),
(355, 0, '2022-11-23 07:57:10'),
(356, 5, '2022-11-23 07:57:11'),
(357, 5, '2022-11-23 07:57:13'),
(358, 4, '2022-11-23 07:57:37'),
(359, 5, '2022-11-23 07:57:50'),
(360, 5, '2022-11-23 07:57:55'),
(361, 5, '2022-11-23 07:58:01'),
(362, 5, '2022-11-23 08:07:14'),
(363, 5, '2022-11-23 08:07:15'),
(364, 0, '2022-11-23 08:08:32'),
(365, 0, '2022-11-23 08:08:34'),
(366, 0, '2022-11-23 08:08:39'),
(367, 6, '2022-11-23 08:08:40'),
(368, 6, '2022-11-23 08:08:43'),
(369, 6, '2022-11-23 08:08:47'),
(370, 6, '2022-11-23 08:09:07'),
(371, 6, '2022-11-23 08:09:08'),
(372, 5, '2022-11-23 08:09:30'),
(373, 5, '2022-11-23 08:09:31'),
(374, 5, '2022-11-23 08:09:43'),
(375, 5, '2022-11-23 08:09:44'),
(376, 6, '2022-11-23 08:09:57'),
(377, 5, '2022-11-23 08:10:00'),
(378, 5, '2022-11-23 08:10:03'),
(379, 6, '2022-11-23 08:10:17'),
(380, 4, '2022-11-23 08:10:28'),
(381, 6, '2022-11-23 08:10:42'),
(382, 6, '2022-11-23 08:10:43'),
(383, 5, '2022-11-23 08:11:18'),
(384, 5, '2022-11-23 08:11:19'),
(385, 5, '2022-11-23 08:11:20'),
(386, 5, '2022-11-23 08:11:24'),
(387, 0, '2022-11-23 08:11:25'),
(388, 4, '2022-11-23 08:11:38'),
(389, 4, '2022-11-23 08:11:45'),
(390, 4, '2022-11-23 08:11:49'),
(391, 4, '2022-11-23 08:11:50'),
(392, 4, '2022-11-23 08:11:51'),
(393, 4, '2022-11-23 08:11:52'),
(394, 0, '2022-11-23 08:11:52'),
(395, 4, '2022-11-23 08:11:53'),
(396, 4, '2022-11-23 08:11:54'),
(397, 4, '2022-11-23 08:11:55'),
(398, 0, '2022-11-23 08:11:56'),
(399, 4, '2022-11-23 08:11:56'),
(400, 4, '2022-11-23 08:11:57'),
(401, 4, '2022-11-23 08:11:58'),
(402, 0, '2022-11-23 08:11:58'),
(403, 4, '2022-11-23 08:11:59'),
(404, 4, '2022-11-23 08:12:00'),
(405, 4, '2022-11-23 08:12:02'),
(406, 4, '2022-11-23 08:12:11'),
(407, 0, '2022-11-23 08:12:16'),
(408, 6, '2022-11-23 08:12:50'),
(409, 0, '2022-11-23 08:12:51'),
(410, 0, '2022-11-23 08:12:53'),
(411, 0, '2022-11-23 08:13:12'),
(412, 0, '2022-11-23 08:13:14'),
(413, 4, '2022-11-23 08:13:14'),
(414, 4, '2022-11-23 08:13:19'),
(415, 0, '2022-11-23 08:13:20'),
(416, 7, '2022-11-23 08:13:21'),
(417, 7, '2022-11-23 08:13:24'),
(418, 7, '2022-11-23 08:13:27'),
(419, 7, '2022-11-23 08:13:46'),
(420, 7, '2022-11-23 08:13:47'),
(421, 7, '2022-11-23 08:13:50'),
(422, 7, '2022-11-23 08:14:05'),
(423, 7, '2022-11-23 08:14:06'),
(424, 4, '2022-11-23 08:14:15'),
(425, 7, '2022-11-23 08:14:23'),
(426, 7, '2022-11-23 08:14:25'),
(427, 7, '2022-11-23 08:14:36'),
(428, 4, '2022-11-23 08:14:37'),
(429, 7, '2022-11-23 08:14:37'),
(430, 4, '2022-11-23 08:14:42'),
(431, 0, '2022-11-23 08:14:45'),
(432, 0, '2022-11-23 08:15:01'),
(433, 0, '2022-11-23 08:15:15'),
(434, 0, '2022-11-23 08:15:18'),
(435, 0, '2022-11-23 08:15:23'),
(436, 8, '2022-11-23 08:15:24'),
(437, 8, '2022-11-23 08:15:40'),
(438, 4, '2022-11-23 08:15:41'),
(439, 8, '2022-11-23 08:15:42'),
(440, 4, '2022-11-23 08:15:57'),
(441, 4, '2022-11-23 08:15:58'),
(442, 8, '2022-11-23 08:16:04'),
(443, 8, '2022-11-23 08:16:05'),
(444, 4, '2022-11-23 08:16:06'),
(445, 4, '2022-11-23 08:16:08'),
(446, 8, '2022-11-23 08:16:14'),
(447, 8, '2022-11-23 08:16:16'),
(448, 4, '2022-11-23 08:16:20'),
(449, 4, '2022-11-23 08:16:23'),
(450, 8, '2022-11-23 08:16:26'),
(451, 4, '2022-11-23 08:16:27'),
(452, 8, '2022-11-23 08:16:27'),
(453, 4, '2022-11-23 08:16:28'),
(454, 4, '2022-11-23 08:16:33'),
(455, 4, '2022-11-23 08:16:34'),
(456, 8, '2022-11-23 08:16:45'),
(457, 0, '2022-11-23 08:16:47'),
(458, 0, '2022-11-23 08:16:50'),
(459, 0, '2022-11-23 08:16:54'),
(460, 1, '2022-11-23 08:16:55'),
(461, 0, '2022-11-23 08:16:56'),
(462, 4, '2022-11-23 08:17:04'),
(463, 4, '2022-11-23 08:17:05'),
(464, 7, '2022-11-23 08:17:08'),
(465, 0, '2022-11-23 08:17:09'),
(466, 0, '2022-11-23 08:17:10'),
(467, 0, '2022-11-23 08:17:13'),
(468, 4, '2022-11-23 08:17:54'),
(469, 4, '2022-11-23 08:17:56'),
(470, 4, '2022-11-23 08:17:57'),
(471, 4, '2022-11-23 08:18:01'),
(472, 4, '2022-11-23 08:18:05'),
(473, 4, '2022-11-23 08:18:06'),
(474, 1, '2022-11-23 08:18:18'),
(475, 1, '2022-11-23 08:18:23'),
(476, 1, '2022-11-23 08:18:24'),
(477, 4, '2022-11-23 08:18:27'),
(478, 1, '2022-11-23 08:18:42'),
(479, 4, '2022-11-23 08:19:01'),
(480, 4, '2022-11-23 08:19:04'),
(481, 1, '2022-11-23 08:19:05'),
(482, 1, '2022-11-23 08:19:09'),
(483, 4, '2022-11-23 08:19:09'),
(484, 1, '2022-11-23 08:19:10'),
(485, 4, '2022-11-23 08:19:10'),
(486, 4, '2022-11-23 08:19:14'),
(487, 4, '2022-11-23 08:19:16'),
(488, 1, '2022-11-23 08:19:18'),
(489, 4, '2022-11-23 08:20:36'),
(490, 4, '2022-11-23 08:20:42'),
(491, 4, '2022-11-23 08:20:57'),
(492, 4, '2022-11-23 08:21:30'),
(493, 4, '2022-11-23 08:21:39'),
(494, 4, '2022-11-23 08:21:48'),
(495, 4, '2022-11-23 08:21:50'),
(496, 4, '2022-11-23 08:21:59'),
(497, 4, '2022-11-23 08:22:01'),
(498, 4, '2022-11-23 08:22:03'),
(499, 4, '2022-11-23 08:22:04'),
(500, 4, '2022-11-23 08:22:12'),
(501, 4, '2022-11-23 08:22:17'),
(502, 0, '2022-11-23 08:24:20'),
(503, 4, '2022-11-23 08:24:21'),
(504, 0, '2022-11-23 08:24:23'),
(505, 0, '2022-11-23 08:24:30'),
(506, 1, '2022-11-23 08:24:39'),
(507, 2, '2022-11-23 08:25:09'),
(508, 1, '2022-11-23 08:25:15'),
(509, 2, '2022-11-23 08:25:22'),
(510, 1, '2022-11-23 08:25:23'),
(511, 1, '2022-11-23 08:25:24'),
(512, 2, '2022-11-23 08:25:30'),
(513, 2, '2022-11-23 08:25:35'),
(514, 2, '2022-11-23 08:25:39'),
(515, 1, '2022-11-23 08:25:40'),
(516, 2, '2022-11-23 08:25:44'),
(517, 2, '2022-11-23 08:26:02'),
(518, 1, '2022-11-23 08:27:17'),
(519, 2, '2022-11-23 08:27:31'),
(520, 1, '2022-11-23 08:27:54'),
(521, 1, '2022-11-23 08:30:40'),
(522, 1, '2022-11-23 08:30:51'),
(523, 1, '2022-11-23 08:31:28'),
(524, 1, '2022-11-23 08:32:53'),
(525, 1, '2022-11-23 08:33:24'),
(526, 1, '2022-11-23 08:34:00'),
(527, 1, '2022-11-23 08:34:28'),
(528, 1, '2022-11-23 08:35:48'),
(529, 1, '2022-11-23 08:35:51'),
(530, 1, '2022-11-23 08:36:09'),
(531, 1, '2022-11-23 08:36:27'),
(532, 1, '2022-11-23 08:36:28'),
(533, 1, '2022-11-23 08:36:48'),
(534, 1, '2022-11-23 08:37:04'),
(535, 4, '2022-11-23 08:37:53'),
(536, 4, '2022-11-23 08:39:59'),
(537, 4, '2022-11-23 08:40:07'),
(538, 4, '2022-11-23 08:40:10'),
(539, 4, '2022-11-23 08:40:12'),
(540, 4, '2022-11-23 08:40:44'),
(541, 4, '2022-11-23 08:40:45'),
(542, 4, '2022-11-23 08:40:52'),
(543, 4, '2022-11-23 08:40:53'),
(544, 4, '2022-11-23 08:40:57'),
(545, 4, '2022-11-23 08:41:39'),
(546, 4, '2022-11-23 08:42:01'),
(547, 4, '2022-11-23 08:42:02'),
(548, 4, '2022-11-23 08:42:07'),
(549, 4, '2022-11-23 08:42:18'),
(550, 4, '2022-11-23 08:42:39'),
(551, 4, '2022-11-23 08:42:45'),
(552, 4, '2022-11-23 08:42:57'),
(553, 4, '2022-11-23 08:43:00'),
(554, 4, '2022-11-23 08:43:18'),
(555, 4, '2022-11-23 08:43:21'),
(556, 4, '2022-11-23 08:43:25'),
(557, 4, '2022-11-23 08:43:26'),
(558, 4, '2022-11-23 08:43:31'),
(559, 4, '2022-11-23 08:43:36'),
(560, 4, '2022-11-23 08:43:38'),
(561, 4, '2022-11-23 08:43:39'),
(562, 4, '2022-11-23 08:43:43'),
(563, 4, '2022-11-23 08:43:45'),
(564, 4, '2022-11-23 08:43:47'),
(565, 4, '2022-11-23 08:43:51'),
(566, 0, '2022-11-23 08:43:52'),
(567, 0, '2022-11-23 08:43:57'),
(568, 0, '2022-11-23 08:44:03'),
(569, 1, '2022-11-23 08:45:56'),
(570, 1, '2022-11-23 08:47:52'),
(571, 1, '2022-11-23 08:47:58'),
(572, 1, '2022-11-23 08:48:40'),
(573, 1, '2022-11-23 08:48:49'),
(574, 1, '2022-11-23 08:48:52'),
(575, 1, '2022-11-23 08:48:54'),
(576, 0, '2022-11-23 08:48:59'),
(577, 0, '2022-11-23 08:49:02'),
(578, 0, '2022-11-23 08:49:06'),
(579, 4, '2022-11-23 08:49:07'),
(580, 4, '2022-11-23 08:49:10'),
(581, 4, '2022-11-23 08:49:16'),
(582, 4, '2022-11-23 08:49:17'),
(583, 4, '2022-11-23 08:49:21'),
(584, 4, '2022-11-23 08:49:22'),
(585, 1, '2022-11-23 08:49:24'),
(586, 1, '2022-11-23 08:49:28'),
(587, 1, '2022-11-23 08:49:31'),
(588, 1, '2022-11-23 08:49:34'),
(589, 4, '2022-11-23 08:49:36'),
(590, 1, '2022-11-23 08:51:35'),
(591, 1, '2022-11-23 08:51:51'),
(592, 1, '2022-11-23 08:52:16'),
(593, 1, '2022-11-23 08:52:20'),
(594, 1, '2022-11-23 08:52:29'),
(595, 1, '2022-11-23 08:53:05'),
(596, 1, '2022-11-23 08:53:29'),
(597, 1, '2022-11-23 08:53:31'),
(598, 1, '2022-11-23 08:53:45'),
(599, 1, '2022-11-23 08:54:03'),
(600, 1, '2022-11-23 08:54:12'),
(601, 1, '2022-11-23 08:54:17'),
(602, 1, '2022-11-23 08:54:18'),
(603, 1, '2022-11-23 08:54:20'),
(604, 1, '2022-11-23 08:54:35'),
(605, 1, '2022-11-23 08:58:26'),
(606, 1, '2022-11-23 08:58:27'),
(607, 1, '2022-11-23 09:00:52'),
(608, 1, '2022-11-23 09:01:13'),
(609, 0, '2022-11-23 09:01:26'),
(610, 0, '2022-11-23 09:01:29'),
(611, 0, '2022-11-23 09:01:34'),
(612, 0, '2022-11-23 09:01:57'),
(613, 0, '2022-11-23 09:02:03'),
(614, 0, '2022-11-23 09:02:06'),
(615, 0, '2022-11-23 09:02:15'),
(616, 0, '2022-11-23 09:02:17'),
(617, 0, '2022-11-23 09:02:21'),
(618, 0, '2022-11-23 09:04:16'),
(619, 0, '2022-11-23 09:04:29'),
(620, 0, '2022-11-23 09:04:36'),
(621, 0, '2022-11-23 09:04:38'),
(622, 0, '2022-11-23 09:04:42'),
(623, 0, '2022-11-23 09:04:47'),
(624, 0, '2022-11-23 09:04:51'),
(625, 0, '2022-11-23 09:04:52'),
(626, 0, '2022-11-23 09:05:00'),
(627, 0, '2022-11-23 09:05:22'),
(628, 0, '2022-11-23 09:05:25'),
(629, 0, '2022-11-23 09:05:31'),
(630, 9, '2022-11-23 09:05:32'),
(631, 9, '2022-11-23 09:05:33'),
(632, 9, '2022-11-23 09:05:41'),
(633, 9, '2022-11-23 09:05:43'),
(634, 9, '2022-11-23 09:05:46'),
(635, 9, '2022-11-23 09:05:49'),
(636, 9, '2022-11-23 09:05:53'),
(637, 9, '2022-11-23 09:06:00'),
(638, 9, '2022-11-23 09:06:03'),
(639, 9, '2022-11-23 09:06:05'),
(640, 9, '2022-11-23 09:06:07'),
(641, 9, '2022-11-23 09:06:12'),
(642, 9, '2022-11-23 09:06:28'),
(643, 9, '2022-11-23 09:06:29'),
(644, 9, '2022-11-23 09:06:33'),
(645, 9, '2022-11-23 09:06:38'),
(646, 9, '2022-11-23 09:06:39'),
(647, 9, '2022-11-23 09:06:44'),
(648, 9, '2022-11-23 09:06:46'),
(649, 9, '2022-11-23 09:06:51'),
(650, 0, '2022-11-23 09:06:52'),
(651, 0, '2022-11-23 09:06:55'),
(652, 0, '2022-11-23 09:06:58'),
(653, 1, '2022-11-23 09:07:17'),
(654, 1, '2022-11-23 09:07:33'),
(655, 1, '2022-11-23 09:07:45'),
(656, 1, '2022-11-23 09:07:46'),
(657, 1, '2022-11-23 09:07:49'),
(658, 1, '2022-11-23 09:07:52'),
(659, 1, '2022-11-23 09:07:55'),
(660, 1, '2022-11-23 09:07:59'),
(661, 1, '2022-11-23 09:08:00'),
(662, 1, '2022-11-23 09:08:02'),
(663, 1, '2022-11-23 09:08:05'),
(664, 1, '2022-11-23 09:08:08'),
(665, 2, '2022-11-23 09:08:26'),
(666, 2, '2022-11-23 09:08:42'),
(667, 1, '2022-11-23 09:08:46'),
(668, 2, '2022-11-23 09:08:53'),
(669, 1, '2022-11-23 09:09:22'),
(670, 1, '2022-11-23 09:09:23'),
(671, 1, '2022-11-23 09:09:34'),
(672, 1, '2022-11-23 09:11:02'),
(673, 0, '2022-11-23 09:11:09'),
(674, 0, '2022-11-23 09:11:15'),
(675, 0, '2022-11-23 09:11:21'),
(676, 9, '2022-11-23 09:11:22'),
(677, 9, '2022-11-23 09:11:24'),
(678, 9, '2022-11-23 09:11:30'),
(679, 1, '2022-11-23 09:11:34'),
(680, 1, '2022-11-23 09:11:35'),
(681, 9, '2022-11-23 09:11:36'),
(682, 9, '2022-11-23 09:11:37'),
(683, 1, '2022-11-23 09:11:40'),
(684, 1, '2022-11-23 09:11:41'),
(685, 1, '2022-11-23 09:12:00'),
(686, 1, '2022-11-23 09:13:02'),
(687, 0, '2022-11-23 09:13:07'),
(688, 1, '2022-11-23 09:13:09'),
(689, 0, '2022-11-23 09:13:10'),
(690, 0, '2022-11-23 09:13:11'),
(691, 0, '2022-11-23 09:13:13'),
(692, 0, '2022-11-23 09:13:17'),
(693, 4, '2022-11-23 09:13:18'),
(694, 4, '2022-11-23 09:13:20'),
(695, 0, '2022-11-23 09:13:21'),
(696, 0, '2022-11-23 09:13:31'),
(697, 0, '2022-11-23 09:13:36'),
(698, 9, '2022-11-23 09:13:37'),
(699, 9, '2022-11-23 09:13:44'),
(700, 9, '2022-11-23 09:13:46'),
(701, 9, '2022-11-23 09:14:01'),
(702, 9, '2022-11-23 09:14:04'),
(703, 9, '2022-11-23 09:14:14'),
(704, 0, '2022-11-23 09:14:15'),
(705, 0, '2022-11-23 09:14:21'),
(706, 0, '2022-11-23 09:14:25'),
(707, 0, '2022-11-23 09:14:41'),
(708, 0, '2022-11-23 09:14:42'),
(709, 0, '2022-11-23 09:14:44'),
(710, 0, '2022-11-23 09:14:45'),
(711, 0, '2022-11-23 09:14:48'),
(712, 4, '2022-11-23 09:14:49'),
(713, 4, '2022-11-23 09:15:24'),
(714, 4, '2022-11-23 09:15:58'),
(715, 0, '2022-11-23 09:15:59'),
(716, 0, '2022-11-23 09:16:01'),
(717, 0, '2022-11-23 09:16:02'),
(718, 0, '2022-11-23 09:16:05'),
(719, 4, '2022-11-23 09:16:06'),
(720, 4, '2022-11-23 09:16:27'),
(721, 0, '2022-11-23 09:16:28'),
(722, 0, '2022-11-23 09:16:31'),
(723, 0, '2022-11-23 09:16:43'),
(724, 0, '2022-11-23 09:16:45'),
(725, 0, '2022-11-23 09:16:51'),
(726, 10, '2022-11-23 09:16:52'),
(727, 10, '2022-11-23 09:17:22'),
(728, 10, '2022-11-23 09:17:33'),
(729, 10, '2022-11-23 09:17:35'),
(730, 10, '2022-11-23 09:17:56'),
(731, 0, '2022-11-23 09:17:57'),
(732, 0, '2022-11-23 09:17:59'),
(733, 0, '2022-11-23 09:18:05'),
(734, 0, '2022-11-23 09:18:07'),
(735, 1, '2022-11-23 09:18:43'),
(736, 0, '2022-11-23 09:19:57'),
(737, 4, '2022-11-23 09:19:58'),
(738, 4, '2022-11-23 09:20:00'),
(739, 4, '2022-11-23 09:20:04'),
(740, 4, '2022-11-23 09:20:05'),
(741, 4, '2022-11-23 09:20:07'),
(742, 4, '2022-11-23 09:20:10'),
(743, 0, '2022-11-23 09:20:11'),
(744, 0, '2022-11-23 09:20:13'),
(745, 0, '2022-11-23 09:20:17'),
(746, 10, '2022-11-23 09:20:18'),
(747, 10, '2022-11-23 09:20:19'),
(748, 10, '2022-11-23 09:20:21'),
(749, 10, '2022-11-23 09:20:29'),
(750, 10, '2022-11-23 09:20:31'),
(751, 10, '2022-11-23 09:20:34'),
(752, 10, '2022-11-23 09:20:36'),
(753, 10, '2022-11-23 09:20:38'),
(754, 10, '2022-11-23 09:20:40'),
(755, 10, '2022-11-23 09:20:42'),
(756, 10, '2022-11-23 09:20:44'),
(757, 10, '2022-11-23 09:20:53'),
(758, 10, '2022-11-23 09:20:55'),
(759, 0, '2022-11-23 09:20:58'),
(760, 0, '2022-11-23 09:21:36'),
(761, 0, '2022-11-23 09:21:37'),
(762, 10, '2022-11-23 09:22:03'),
(763, 0, '2022-11-23 09:22:06'),
(764, 0, '2022-11-23 09:22:07'),
(765, 0, '2022-11-23 09:22:12'),
(766, 0, '2022-11-23 09:22:13'),
(767, 0, '2022-11-23 09:22:30'),
(768, 0, '2022-11-23 09:22:32'),
(769, 0, '2022-11-23 09:22:35'),
(770, 4, '2022-11-23 09:22:36'),
(771, 4, '2022-11-23 09:22:40'),
(772, 4, '2022-11-23 09:22:42'),
(773, 4, '2022-11-23 09:22:44'),
(774, 4, '2022-11-23 09:23:06'),
(775, 4, '2022-11-23 09:23:09'),
(776, 4, '2022-11-23 09:23:13'),
(777, 10, '2022-11-23 09:23:27'),
(778, 10, '2022-11-23 09:23:29'),
(779, 10, '2022-11-23 09:23:31'),
(780, 10, '2022-11-23 09:23:33'),
(781, 10, '2022-11-23 09:23:36'),
(782, 10, '2022-11-23 09:23:38'),
(783, 0, '2022-11-23 09:23:48'),
(784, 0, '2022-11-23 09:24:06'),
(785, 0, '2022-11-23 09:24:09'),
(786, 0, '2022-11-23 09:24:25'),
(787, 0, '2022-11-23 09:24:28'),
(788, 0, '2022-11-23 09:24:32'),
(789, 10, '2022-11-23 09:24:38'),
(790, 10, '2022-11-23 09:24:40'),
(791, 10, '2022-11-23 09:24:43'),
(792, 10, '2022-11-23 09:24:46'),
(793, 10, '2022-11-23 09:24:47'),
(794, 10, '2022-11-23 09:24:49'),
(795, 10, '2022-11-23 09:25:33'),
(796, 10, '2022-11-23 09:25:37'),
(797, 10, '2022-11-23 09:25:38'),
(798, 10, '2022-11-23 09:25:39'),
(799, 10, '2022-11-23 09:25:40'),
(800, 10, '2022-11-23 09:25:41'),
(801, 10, '2022-11-23 09:25:42'),
(802, 10, '2022-11-23 09:25:43'),
(803, 10, '2022-11-23 09:25:44'),
(804, 10, '2022-11-23 09:25:45'),
(805, 10, '2022-11-23 09:25:46'),
(806, 10, '2022-11-23 09:25:47'),
(807, 10, '2022-11-23 09:25:54'),
(808, 10, '2022-11-23 09:25:56'),
(809, 10, '2022-11-23 09:26:22'),
(810, 10, '2022-11-23 09:26:24'),
(811, 10, '2022-11-23 09:26:27'),
(812, 10, '2022-11-23 09:26:30'),
(813, 10, '2022-11-23 09:26:38'),
(814, 10, '2022-11-23 09:26:58'),
(815, 10, '2022-11-23 09:27:00'),
(816, 0, '2022-11-23 09:27:01'),
(817, 0, '2022-11-23 09:27:32'),
(818, 0, '2022-11-23 09:27:35'),
(819, 0, '2022-11-23 09:27:36'),
(820, 0, '2022-11-23 09:27:42'),
(821, 0, '2022-11-23 09:27:46'),
(822, 0, '2022-11-23 09:27:50'),
(823, 0, '2022-11-23 09:28:30'),
(824, 0, '2022-11-23 09:28:32'),
(825, 0, '2022-11-23 09:28:33'),
(826, 0, '2022-11-23 09:28:36'),
(827, 4, '2022-11-23 09:28:37'),
(828, 4, '2022-11-23 09:28:38'),
(829, 4, '2022-11-23 09:28:42'),
(830, 4, '2022-11-23 09:28:45'),
(831, 0, '2022-11-23 09:28:46'),
(832, 0, '2022-11-23 09:29:29'),
(833, 0, '2022-11-23 09:29:32'),
(834, 0, '2022-11-23 09:29:44'),
(835, 0, '2022-11-24 01:11:15'),
(836, 0, '2022-11-24 01:41:05'),
(837, 0, '2022-11-24 01:41:11'),
(838, 0, '2022-11-24 01:41:15'),
(839, 0, '2022-11-24 01:41:18'),
(840, 0, '2022-11-24 01:47:56'),
(841, 0, '2022-11-24 01:48:23'),
(842, 0, '2022-11-24 01:48:26'),
(843, 0, '2022-11-24 01:48:38'),
(844, 12, '2022-11-24 01:48:39'),
(845, 12, '2022-11-24 01:48:48'),
(846, 12, '2022-11-24 01:49:08'),
(847, 12, '2022-11-24 01:49:11'),
(848, 12, '2022-11-24 01:49:14'),
(849, 12, '2022-11-24 01:49:38'),
(850, 12, '2022-11-24 01:49:51'),
(851, 12, '2022-11-24 01:50:00'),
(852, 12, '2022-11-24 01:50:02'),
(853, 12, '2022-11-24 01:50:08'),
(854, 12, '2022-11-24 01:50:50'),
(855, 12, '2022-11-24 01:51:04'),
(856, 12, '2022-11-24 01:51:05'),
(857, 12, '2022-11-24 01:51:19'),
(858, 12, '2022-11-24 01:51:30'),
(859, 12, '2022-11-24 01:51:31'),
(860, 12, '2022-11-24 01:51:38'),
(861, 12, '2022-11-24 01:51:40'),
(862, 12, '2022-11-24 01:51:47'),
(863, 12, '2022-11-24 01:51:56'),
(864, 12, '2022-11-24 01:51:57'),
(865, 12, '2022-11-24 01:52:06'),
(866, 12, '2022-11-24 01:52:08'),
(867, 12, '2022-11-24 01:52:13'),
(868, 12, '2022-11-24 01:52:20'),
(869, 12, '2022-11-24 01:52:34'),
(870, 12, '2022-11-24 01:52:36'),
(871, 1, '2022-11-24 01:52:45'),
(872, 1, '2022-11-24 01:52:51'),
(873, 1, '2022-11-24 01:52:53'),
(874, 1, '2022-11-24 01:52:58'),
(875, 1, '2022-11-24 01:52:59'),
(876, 1, '2022-11-24 01:53:15'),
(877, 1, '2022-11-24 01:53:18'),
(878, 1, '2022-11-24 01:53:22'),
(879, 1, '2022-11-24 01:53:23'),
(880, 1, '2022-11-24 01:53:50'),
(881, 1, '2022-11-24 01:53:54'),
(882, 12, '2022-11-24 01:55:00'),
(883, 1, '2022-11-24 01:55:17'),
(884, 1, '2022-11-24 01:55:22'),
(885, 1, '2022-11-24 01:55:28'),
(886, 1, '2022-11-24 01:55:37'),
(887, 1, '2022-11-24 01:55:39'),
(888, 1, '2022-11-24 01:55:42'),
(889, 12, '2022-11-24 01:55:55'),
(890, 12, '2022-11-24 01:56:18'),
(891, 1, '2022-11-24 01:57:11'),
(892, 1, '2022-11-24 01:57:17'),
(893, 12, '2022-11-24 01:57:37'),
(894, 12, '2022-11-24 01:57:46'),
(895, 12, '2022-11-24 02:00:48'),
(896, 0, '2022-11-24 02:00:49'),
(897, 0, '2022-11-24 02:00:52'),
(898, 0, '2022-11-24 02:01:22'),
(899, 0, '2022-11-24 02:01:30'),
(900, 0, '2022-11-24 02:02:41'),
(901, 13, '2022-11-24 02:02:43'),
(902, 13, '2022-11-24 02:02:47'),
(903, 13, '2022-11-24 02:05:31'),
(904, 13, '2022-11-24 02:05:32'),
(905, 13, '2022-11-24 02:06:38'),
(906, 13, '2022-11-24 02:07:12'),
(907, 13, '2022-11-24 02:08:42'),
(908, 0, '2022-11-24 02:08:43'),
(909, 0, '2022-11-24 02:08:45'),
(910, 0, '2022-11-24 02:08:51'),
(911, 0, '2022-11-24 02:08:52'),
(912, 0, '2022-11-24 02:09:22'),
(913, 0, '2022-11-24 02:09:23'),
(914, 0, '2022-11-24 02:10:56'),
(915, 0, '2022-11-24 02:16:46'),
(916, 4, '2022-11-28 12:29:25'),
(917, 4, '2022-11-28 12:29:27'),
(918, 0, '2022-11-28 12:29:27'),
(919, 0, '2022-11-28 12:29:28'),
(920, 0, '2022-11-28 12:29:30'),
(921, 0, '2022-11-28 12:29:31'),
(922, 0, '2022-11-28 12:29:39'),
(923, 4, '2022-11-28 12:29:39'),
(924, 4, '2022-11-28 12:29:47'),
(925, 0, '2022-11-28 12:29:47'),
(926, 0, '2022-11-28 12:29:47'),
(927, 0, '2022-11-28 12:29:49'),
(928, 4, '2022-11-28 12:29:49'),
(929, 4, '2022-11-28 12:29:52'),
(930, 4, '2022-11-28 12:29:53'),
(931, 4, '2022-11-28 12:30:36'),
(932, 0, '2022-11-28 12:30:36'),
(933, 0, '2022-11-28 12:30:37'),
(934, 0, '2022-11-28 12:30:39'),
(935, 1, '2022-11-28 12:30:46'),
(936, 1, '2022-11-28 12:30:47'),
(937, 1, '2022-11-28 12:31:05'),
(938, 1, '2022-11-28 12:31:06'),
(939, 1, '2022-11-28 12:31:17'),
(940, 1, '2022-11-28 12:31:17'),
(941, 1, '2022-11-28 12:31:17'),
(942, 1, '2022-11-28 12:31:18'),
(943, 1, '2022-11-28 12:31:18'),
(944, 1, '2022-11-28 12:31:19'),
(945, 1, '2022-11-28 12:31:20'),
(946, 1, '2022-11-28 12:31:44'),
(947, 1, '2022-11-28 12:31:44'),
(948, 1, '2022-11-28 12:31:45'),
(949, 1, '2022-11-28 12:31:46'),
(950, 1, '2022-11-28 12:32:08'),
(951, 1, '2022-11-28 12:32:51'),
(952, 1, '2022-11-28 12:32:54'),
(953, 1, '2022-11-28 12:32:57'),
(954, 1, '2022-11-28 12:32:58'),
(955, 1, '2022-11-28 12:32:59'),
(956, 1, '2022-11-28 12:33:00'),
(957, 1, '2022-11-28 12:33:02'),
(958, 1, '2022-11-28 12:33:02'),
(959, 1, '2022-11-28 12:33:03'),
(960, 1, '2022-11-28 12:33:03'),
(961, 1, '2022-11-28 12:33:03'),
(962, 1, '2022-11-28 12:33:03'),
(963, 1, '2022-11-28 12:33:03'),
(964, 1, '2022-11-28 12:33:03'),
(965, 1, '2022-11-28 12:33:04'),
(966, 1, '2022-11-28 12:33:04'),
(967, 1, '2022-11-28 12:33:04'),
(968, 1, '2022-11-28 12:33:04'),
(969, 1, '2022-11-28 12:33:04'),
(970, 1, '2022-11-28 12:33:04'),
(971, 1, '2022-11-28 12:33:05'),
(972, 1, '2022-11-28 12:33:05'),
(973, 1, '2022-11-28 12:33:05'),
(974, 1, '2022-11-28 12:33:05'),
(975, 1, '2022-11-28 12:33:05'),
(976, 1, '2022-11-28 12:33:06'),
(977, 1, '2022-11-28 12:33:06'),
(978, 1, '2022-11-28 12:33:06'),
(979, 1, '2022-11-28 12:33:06'),
(980, 1, '2022-11-28 12:33:06'),
(981, 1, '2022-11-28 12:33:07'),
(982, 1, '2022-11-28 12:33:07'),
(983, 1, '2022-11-28 12:33:07'),
(984, 1, '2022-11-28 12:33:07'),
(985, 1, '2022-11-28 12:33:07'),
(986, 1, '2022-11-28 12:33:08'),
(987, 1, '2022-11-28 12:33:08'),
(988, 1, '2022-11-28 12:33:08'),
(989, 1, '2022-11-28 12:33:08'),
(990, 1, '2022-11-28 12:33:08'),
(991, 1, '2022-11-28 12:33:08'),
(992, 1, '2022-11-28 12:33:09'),
(993, 1, '2022-11-28 12:33:09'),
(994, 1, '2022-11-28 12:33:09'),
(995, 1, '2022-11-28 12:33:09'),
(996, 1, '2022-11-28 12:33:09'),
(997, 1, '2022-11-28 12:33:10'),
(998, 1, '2022-11-28 12:33:10'),
(999, 1, '2022-11-28 12:33:10'),
(1000, 1, '2022-11-28 12:33:10'),
(1001, 1, '2022-11-28 12:33:10'),
(1002, 1, '2022-11-28 12:33:10'),
(1003, 1, '2022-11-28 12:33:11'),
(1004, 1, '2022-11-28 12:33:11'),
(1005, 1, '2022-11-28 12:33:11'),
(1006, 1, '2022-11-28 12:33:11'),
(1007, 1, '2022-11-28 12:33:11'),
(1008, 1, '2022-11-28 12:33:12'),
(1009, 1, '2022-11-28 12:33:12'),
(1010, 1, '2022-11-28 12:33:12'),
(1011, 1, '2022-11-28 12:33:12'),
(1012, 1, '2022-11-28 12:33:12'),
(1013, 1, '2022-11-28 12:33:13'),
(1014, 1, '2022-11-28 12:33:13'),
(1015, 1, '2022-11-28 12:33:13'),
(1016, 1, '2022-11-28 12:33:13'),
(1017, 1, '2022-11-28 12:33:13'),
(1018, 1, '2022-11-28 12:33:14'),
(1019, 1, '2022-11-28 12:33:14'),
(1020, 1, '2022-11-28 12:33:14'),
(1021, 1, '2022-11-28 12:33:24'),
(1022, 1, '2022-11-28 12:33:24'),
(1023, 1, '2022-11-28 12:33:25'),
(1024, 1, '2022-11-28 12:33:25'),
(1025, 1, '2022-11-28 12:33:25'),
(1026, 1, '2022-11-28 12:33:25'),
(1027, 1, '2022-11-28 12:33:25'),
(1028, 1, '2022-11-28 12:33:26'),
(1029, 1, '2022-11-28 12:33:26'),
(1030, 1, '2022-11-28 12:33:26'),
(1031, 1, '2022-11-28 12:33:26'),
(1032, 1, '2022-11-28 12:33:26'),
(1033, 1, '2022-11-28 12:33:26'),
(1034, 1, '2022-11-28 12:33:27'),
(1035, 1, '2022-11-28 12:33:27'),
(1036, 1, '2022-11-28 12:33:27'),
(1037, 1, '2022-11-28 12:33:27'),
(1038, 1, '2022-11-28 12:33:27'),
(1039, 1, '2022-11-28 12:33:27'),
(1040, 1, '2022-11-28 12:33:28'),
(1041, 1, '2022-11-28 12:33:28'),
(1042, 1, '2022-11-28 12:33:28'),
(1043, 1, '2022-11-28 12:33:28'),
(1044, 1, '2022-11-28 12:33:28'),
(1045, 1, '2022-11-28 12:33:28'),
(1046, 1, '2022-11-28 12:33:29'),
(1047, 1, '2022-11-28 12:33:29'),
(1048, 1, '2022-11-28 12:33:29'),
(1049, 1, '2022-11-28 12:33:29'),
(1050, 1, '2022-11-28 12:33:29'),
(1051, 1, '2022-11-28 12:33:29'),
(1052, 1, '2022-11-28 12:33:30'),
(1053, 1, '2022-11-28 12:33:30'),
(1054, 1, '2022-11-28 12:33:30'),
(1055, 1, '2022-11-28 12:33:31'),
(1056, 1, '2022-11-28 12:33:36'),
(1057, 1, '2022-11-28 12:33:37'),
(1058, 0, '2022-11-28 12:33:38'),
(1059, 0, '2022-11-28 12:33:38'),
(1060, 0, '2022-11-28 12:33:39'),
(1061, 0, '2022-11-28 12:33:40'),
(1062, 0, '2022-11-28 12:33:40'),
(1063, 0, '2022-11-28 12:33:41'),
(1064, 0, '2022-11-28 12:33:41'),
(1065, 0, '2022-11-28 12:33:42'),
(1066, 0, '2022-11-28 12:33:43'),
(1067, 0, '2022-11-28 12:33:44'),
(1068, 0, '2022-11-28 12:33:45'),
(1069, 0, '2022-11-28 12:33:45'),
(1070, 0, '2022-11-28 12:33:48'),
(1071, 0, '2022-11-28 12:33:49'),
(1072, 0, '2022-11-28 12:33:53'),
(1073, 4, '2022-11-28 12:33:53'),
(1074, 4, '2022-11-28 12:33:53'),
(1075, 4, '2022-11-28 12:33:57'),
(1076, 4, '2022-11-28 12:33:58'),
(1077, 4, '2022-11-28 12:34:01'),
(1078, 4, '2022-11-28 12:34:02'),
(1079, 4, '2022-11-28 12:34:02'),
(1080, 4, '2022-11-28 12:34:03'),
(1081, 4, '2022-11-28 12:34:03'),
(1082, 4, '2022-11-28 12:36:44'),
(1083, 4, '2022-11-28 12:36:46'),
(1084, 0, '2022-11-28 12:36:46'),
(1085, 0, '2022-11-28 12:36:47'),
(1086, 0, '2022-11-28 12:36:50'),
(1087, 4, '2022-11-28 12:36:50'),
(1088, 4, '2022-11-28 12:39:38'),
(1089, 4, '2022-11-28 12:39:39'),
(1090, 4, '2022-11-28 12:39:40'),
(1091, 4, '2022-11-28 12:39:41'),
(1092, 4, '2022-11-28 12:39:44'),
(1093, 4, '2022-11-28 12:39:44'),
(1094, 4, '2022-11-28 12:39:45'),
(1095, 4, '2022-11-28 12:39:46'),
(1096, 4, '2022-11-28 12:39:46'),
(1097, 4, '2022-11-28 12:39:49'),
(1098, 4, '2022-11-28 12:39:50'),
(1099, 4, '2022-11-28 12:43:23'),
(1100, 4, '2022-11-28 12:43:23'),
(1101, 4, '2022-11-28 12:43:27'),
(1102, 4, '2022-11-28 12:43:29'),
(1103, 4, '2022-11-28 12:43:29'),
(1104, 4, '2022-11-28 12:44:00'),
(1105, 4, '2022-11-28 12:44:01'),
(1106, 4, '2022-11-28 12:44:03'),
(1107, 4, '2022-11-28 12:44:05'),
(1108, 4, '2022-11-28 12:44:30'),
(1109, 4, '2022-11-28 12:44:31'),
(1110, 4, '2022-11-28 12:44:39'),
(1111, 4, '2022-11-28 12:44:40'),
(1112, 4, '2022-11-28 12:44:41'),
(1113, 4, '2022-11-28 12:44:42'),
(1114, 4, '2022-11-28 12:44:51'),
(1115, 4, '2022-11-28 12:44:52'),
(1116, 4, '2022-11-28 12:44:52'),
(1117, 4, '2022-11-28 12:45:05'),
(1118, 4, '2022-11-28 12:45:38'),
(1119, 4, '2022-11-28 12:45:44'),
(1120, 4, '2022-11-28 12:45:48'),
(1121, 4, '2022-11-28 12:45:54'),
(1122, 4, '2022-11-28 12:46:07'),
(1123, 4, '2022-11-28 12:46:19'),
(1124, 4, '2022-11-28 12:46:51'),
(1125, 4, '2022-11-28 12:47:00'),
(1126, 4, '2022-11-28 12:47:04'),
(1127, 4, '2022-11-28 12:47:05'),
(1128, 4, '2022-11-28 12:47:22'),
(1129, 4, '2022-11-28 12:48:40'),
(1130, 4, '2022-11-28 12:48:47'),
(1131, 4, '2022-11-28 12:48:56'),
(1132, 4, '2022-11-28 12:49:03'),
(1133, 4, '2022-11-28 12:49:11'),
(1134, 4, '2022-11-28 12:49:21'),
(1135, 4, '2022-11-28 12:49:30'),
(1136, 4, '2022-11-28 12:49:41'),
(1137, 4, '2022-11-28 12:49:57'),
(1138, 4, '2022-11-28 12:50:05'),
(1139, 4, '2022-11-28 12:50:33'),
(1140, 4, '2022-11-28 12:50:39'),
(1141, 4, '2022-11-28 12:50:49'),
(1142, 4, '2022-11-28 12:50:55'),
(1143, 4, '2022-11-28 12:50:59'),
(1144, 4, '2022-11-28 12:51:06'),
(1145, 4, '2022-11-28 12:51:15'),
(1146, 4, '2022-11-28 12:51:19'),
(1147, 4, '2022-11-28 12:51:44'),
(1148, 4, '2022-11-28 12:51:45'),
(1149, 4, '2022-11-28 12:51:45'),
(1150, 4, '2022-11-28 12:51:46'),
(1151, 4, '2022-11-28 12:55:10'),
(1152, 4, '2022-11-28 12:55:10'),
(1153, 4, '2022-11-28 12:55:11'),
(1154, 4, '2022-11-28 12:55:12'),
(1155, 0, '2022-11-28 12:55:12');

--
-- Indexes for dumped tables
--

--
-- Indexes for table `assessment`
--
ALTER TABLE `assessment`
  ADD PRIMARY KEY (`asse_id`);

--
-- Indexes for table `asse_answer`
--
ALTER TABLE `asse_answer`
  ADD PRIMARY KEY (`ans_id`);

--
-- Indexes for table `asse_question`
--
ALTER TABLE `asse_question`
  ADD PRIMARY KEY (`ques_id`);

--
-- Indexes for table `comment_forum`
--
ALTER TABLE `comment_forum`
  ADD PRIMARY KEY (`comf_id`);

--
-- Indexes for table `forum`
--
ALTER TABLE `forum`
  ADD PRIMARY KEY (`forum_id`);

--
-- Indexes for table `forum_report`
--
ALTER TABLE `forum_report`
  ADD PRIMARY KEY (`report_id`);

--
-- Indexes for table `information`
--
ALTER TABLE `information`
  ADD PRIMARY KEY (`info_id`);

--
-- Indexes for table `menu`
--
ALTER TABLE `menu`
  ADD PRIMARY KEY (`m_id`);

--
-- Indexes for table `type`
--
ALTER TABLE `type`
  ADD PRIMARY KEY (`type_id`);

--
-- Indexes for table `user`
--
ALTER TABLE `user`
  ADD PRIMARY KEY (`u_id`);

--
-- Indexes for table `view_asse`
--
ALTER TABLE `view_asse`
  ADD PRIMARY KEY (`vasse_id`);

--
-- Indexes for table `view_forum`
--
ALTER TABLE `view_forum`
  ADD PRIMARY KEY (`vforum_id`);

--
-- Indexes for table `view_info`
--
ALTER TABLE `view_info`
  ADD PRIMARY KEY (`vinfo_id`);

--
-- Indexes for table `view_web`
--
ALTER TABLE `view_web`
  ADD PRIMARY KEY (`vweb_id`);

--
-- AUTO_INCREMENT for dumped tables
--

--
-- AUTO_INCREMENT for table `assessment`
--
ALTER TABLE `assessment`
  MODIFY `asse_id` int(11) NOT NULL AUTO_INCREMENT, AUTO_INCREMENT=14;

--
-- AUTO_INCREMENT for table `asse_answer`
--
ALTER TABLE `asse_answer`
  MODIFY `ans_id` int(11) NOT NULL AUTO_INCREMENT, AUTO_INCREMENT=33;

--
-- AUTO_INCREMENT for table `asse_question`
--
ALTER TABLE `asse_question`
  MODIFY `ques_id` int(11) NOT NULL AUTO_INCREMENT, AUTO_INCREMENT=18;

--
-- AUTO_INCREMENT for table `comment_forum`
--
ALTER TABLE `comment_forum`
  MODIFY `comf_id` int(11) NOT NULL AUTO_INCREMENT, AUTO_INCREMENT=8;

--
-- AUTO_INCREMENT for table `forum`
--
ALTER TABLE `forum`
  MODIFY `forum_id` int(11) NOT NULL AUTO_INCREMENT, AUTO_INCREMENT=14;

--
-- AUTO_INCREMENT for table `forum_report`
--
ALTER TABLE `forum_report`
  MODIFY `report_id` int(11) NOT NULL AUTO_INCREMENT;

--
-- AUTO_INCREMENT for table `information`
--
ALTER TABLE `information`
  MODIFY `info_id` int(11) NOT NULL AUTO_INCREMENT, AUTO_INCREMENT=9;

--
-- AUTO_INCREMENT for table `menu`
--
ALTER TABLE `menu`
  MODIFY `m_id` int(11) NOT NULL AUTO_INCREMENT, AUTO_INCREMENT=33;

--
-- AUTO_INCREMENT for table `type`
--
ALTER TABLE `type`
  MODIFY `type_id` int(11) NOT NULL AUTO_INCREMENT, AUTO_INCREMENT=12;

--
-- AUTO_INCREMENT for table `user`
--
ALTER TABLE `user`
  MODIFY `u_id` int(11) NOT NULL AUTO_INCREMENT, AUTO_INCREMENT=15;

--
-- AUTO_INCREMENT for table `view_asse`
--
ALTER TABLE `view_asse`
  MODIFY `vasse_id` int(11) NOT NULL AUTO_INCREMENT, AUTO_INCREMENT=26;

--
-- AUTO_INCREMENT for table `view_forum`
--
ALTER TABLE `view_forum`
  MODIFY `vforum_id` int(11) NOT NULL AUTO_INCREMENT, AUTO_INCREMENT=233;

--
-- AUTO_INCREMENT for table `view_info`
--
ALTER TABLE `view_info`
  MODIFY `vinfo_id` int(11) NOT NULL AUTO_INCREMENT, AUTO_INCREMENT=35;

--
-- AUTO_INCREMENT for table `view_web`
--
ALTER TABLE `view_web`
  MODIFY `vweb_id` int(11) NOT NULL AUTO_INCREMENT, AUTO_INCREMENT=1156;
COMMIT;

/*!40101 SET CHARACTER_SET_CLIENT=@OLD_CHARACTER_SET_CLIENT */;
/*!40101 SET CHARACTER_SET_RESULTS=@OLD_CHARACTER_SET_RESULTS */;
/*!40101 SET COLLATION_CONNECTION=@OLD_COLLATION_CONNECTION */;
